﻿# SQL Manager Lite for MySQL 5.5.3.46984
# ---------------------------------------
# Host     : localhost
# Port     : 3306
# Database : sarmex_db


/*!40101 SET @OLD_CHARACTER_SET_CLIENT=@@CHARACTER_SET_CLIENT */;
/*!40101 SET @OLD_CHARACTER_SET_RESULTS=@@CHARACTER_SET_RESULTS */;
/*!40101 SET @OLD_COLLATION_CONNECTION=@@COLLATION_CONNECTION */;
/*!40101 SET NAMES utf8 */;

SET FOREIGN_KEY_CHECKS=0;

DROP DATABASE IF EXISTS `sarmex_db`;

CREATE DATABASE `sarmex_db`
    CHARACTER SET 'utf8'
    COLLATE 'utf8_general_ci';

USE `sarmex_db`;

SET sql_mode = 'STRICT_TRANS_TABLES,NO_AUTO_CREATE_USER,NO_ENGINE_SUBSTITUTION';

#
# Dropping database objects
#

DROP VIEW IF EXISTS `view_pmp`;
DROP VIEW IF EXISTS `view_login`;
DROP VIEW IF EXISTS `view_funcionario`;
DROP VIEW IF EXISTS `view_carga`;
DROP TABLE IF EXISTS `ruta`;
DROP TABLE IF EXISTS `itinerario`;
DROP TABLE IF EXISTS `ciclo`;
DROP TABLE IF EXISTS `localidad`;
DROP TABLE IF EXISTS `municipio`;
DROP TABLE IF EXISTS `carga`;
DROP TABLE IF EXISTS `usuario`;
DROP TABLE IF EXISTS `persona`;
DROP TABLE IF EXISTS `producto`;
DROP TABLE IF EXISTS `medidor`;
DROP TABLE IF EXISTS `tipo_dato`;

#
# Structure for the `tipo_dato` table : 
#

CREATE TABLE `tipo_dato` (
  `ID_TIPO` INTEGER(11) NOT NULL AUTO_INCREMENT,
  `GRUPO` VARCHAR(20) COLLATE utf8_general_ci DEFAULT NULL,
  `CODIGO` VARCHAR(3) COLLATE utf8_general_ci DEFAULT NULL,
  `DESCRIPCION` VARCHAR(20) COLLATE utf8_general_ci DEFAULT NULL,
  PRIMARY KEY (`ID_TIPO`) USING BTREE
) ENGINE=InnoDB
AUTO_INCREMENT=31 ROW_FORMAT=DYNAMIC CHARACTER SET 'utf8' COLLATE 'utf8_general_ci'
;

#
# Structure for the `medidor` table : 
#

CREATE TABLE `medidor` (
  `ID_MEDIDOR` INTEGER(11) NOT NULL AUTO_INCREMENT,
  `CLASE` INTEGER(11) DEFAULT NULL,
  `TIPO_MEDIDOR` INTEGER(11) DEFAULT NULL,
  `MARCA` VARCHAR(50) COLLATE utf8_general_ci DEFAULT NULL,
  `SERIAL` VARCHAR(30) COLLATE utf8_general_ci DEFAULT NULL,
  `ANIO_FAB` INTEGER(4) DEFAULT NULL,
  `DIGITOS` INTEGER(2) DEFAULT NULL,
  PRIMARY KEY (`ID_MEDIDOR`) USING BTREE,
  KEY `CLASE` (`CLASE`) USING BTREE,
  KEY `TIPO_MEDIDOR` (`TIPO_MEDIDOR`) USING BTREE,
  CONSTRAINT `medidor_fk1` FOREIGN KEY (`CLASE`) REFERENCES `tipo_dato` (`ID_TIPO`) ON UPDATE CASCADE,
  CONSTRAINT `medidor_fk2` FOREIGN KEY (`TIPO_MEDIDOR`) REFERENCES `tipo_dato` (`ID_TIPO`) ON UPDATE CASCADE
) ENGINE=InnoDB
AUTO_INCREMENT=401 ROW_FORMAT=DYNAMIC CHARACTER SET 'utf8' COLLATE 'utf8_general_ci'
;

#
# Structure for the `producto` table : 
#

CREATE TABLE `producto` (
  `ID_PRODUCTO` INTEGER(11) NOT NULL AUTO_INCREMENT,
  `ID_CLIENTE` INTEGER(11) DEFAULT NULL,
  `ID_LOCALIDAD` INTEGER(11) DEFAULT NULL,
  `PRODUCTO` VARCHAR(20) COLLATE utf8_general_ci NOT NULL,
  `FECHA_INSTALACION` DATE DEFAULT NULL,
  `MEDIDOR` INTEGER(11) DEFAULT NULL,
  PRIMARY KEY (`ID_PRODUCTO`) USING BTREE,
  KEY `MEDIDOR` (`MEDIDOR`) USING BTREE,
  CONSTRAINT `producto_fk1` FOREIGN KEY (`MEDIDOR`) REFERENCES `medidor` (`ID_MEDIDOR`) ON DELETE CASCADE
) ENGINE=InnoDB
AUTO_INCREMENT=401 ROW_FORMAT=DYNAMIC CHARACTER SET 'utf8' COLLATE 'utf8_general_ci'
;

#
# Structure for the `persona` table : 
#

CREATE TABLE `persona` (
  `ID_PERSONA` INTEGER(11) NOT NULL AUTO_INCREMENT,
  `NOMBRE` VARCHAR(500) COLLATE utf8_general_ci DEFAULT NULL,
  `TELEFONO` VARCHAR(50) COLLATE utf8_general_ci DEFAULT NULL,
  PRIMARY KEY (`ID_PERSONA`) USING BTREE
) ENGINE=InnoDB
AUTO_INCREMENT=406 ROW_FORMAT=DYNAMIC CHARACTER SET 'utf8' COLLATE 'utf8_general_ci'
;

#
# Structure for the `usuario` table : 
#

CREATE TABLE `usuario` (
  `ID_USUARIO` INTEGER(11) NOT NULL AUTO_INCREMENT,
  `ID_PERSONA` INTEGER(11) DEFAULT NULL,
  `ESTADO` INTEGER(11) DEFAULT NULL,
  `USUARIO` VARCHAR(10) COLLATE utf8_general_ci DEFAULT NULL,
  `PASS` VARCHAR(32) COLLATE utf8_general_ci DEFAULT NULL,
  `ULT_SESION` DATE DEFAULT NULL,
  `TPO_USR` INTEGER(11) DEFAULT NULL,
  PRIMARY KEY (`ID_USUARIO`) USING BTREE,
  KEY `ID_PERSONA` (`ID_PERSONA`) USING BTREE,
  KEY `TPO_USR` (`TPO_USR`) USING BTREE,
  CONSTRAINT `usuario_fk1` FOREIGN KEY (`ID_PERSONA`) REFERENCES `persona` (`ID_PERSONA`) ON UPDATE CASCADE,
  CONSTRAINT `usuario_fk2` FOREIGN KEY (`TPO_USR`) REFERENCES `tipo_dato` (`ID_TIPO`) ON UPDATE CASCADE
) ENGINE=InnoDB
AUTO_INCREMENT=5 ROW_FORMAT=DYNAMIC CHARACTER SET 'utf8' COLLATE 'utf8_general_ci'
;

#
# Structure for the `carga` table : 
#

CREATE TABLE `carga` (
  `ID_CARGA` INTEGER(11) NOT NULL AUTO_INCREMENT,
  `ID_USUARIO` INTEGER(11) DEFAULT NULL,
  `ID_PRODUCTO` INTEGER(11) DEFAULT NULL,
  `ESTADO` INTEGER(11) DEFAULT NULL,
  `FECHA_CARGA` DATE DEFAULT NULL,
  PRIMARY KEY (`ID_CARGA`) USING BTREE,
  KEY `FK_ESTADO_CARGA` (`ESTADO`) USING BTREE,
  KEY `FK_OT` (`ID_PRODUCTO`) USING BTREE,
  KEY `FK_OT_FUNCIONARIO` (`ID_USUARIO`) USING BTREE,
  CONSTRAINT `FK_ESTADO_CARGA` FOREIGN KEY (`ESTADO`) REFERENCES `tipo_dato` (`ID_TIPO`),
  CONSTRAINT `FK_OT` FOREIGN KEY (`ID_PRODUCTO`) REFERENCES `producto` (`ID_PRODUCTO`),
  CONSTRAINT `FK_OT_FUNCIONARIO` FOREIGN KEY (`ID_USUARIO`) REFERENCES `usuario` (`ID_USUARIO`)
) ENGINE=InnoDB
AUTO_INCREMENT=31 ROW_FORMAT=DYNAMIC CHARACTER SET 'utf8' COLLATE 'utf8_general_ci'
;

#
# Structure for the `municipio` table : 
#

CREATE TABLE `municipio` (
  `ID_MUNICIPIO` INTEGER(11) NOT NULL AUTO_INCREMENT,
  `CODIGO` VARCHAR(5) COLLATE utf8_general_ci DEFAULT NULL,
  `NOMBRE` VARCHAR(200) COLLATE utf8_general_ci DEFAULT NULL,
  PRIMARY KEY (`ID_MUNICIPIO`) USING BTREE
) ENGINE=InnoDB
AUTO_INCREMENT=2 ROW_FORMAT=DYNAMIC CHARACTER SET 'utf8' COLLATE 'utf8_general_ci'
;

#
# Structure for the `localidad` table : 
#

CREATE TABLE `localidad` (
  `ID_LOCALIDAD` INTEGER(11) NOT NULL AUTO_INCREMENT,
  `ID_MUNICIPIO` INTEGER(11) DEFAULT NULL,
  `DIRECCION` VARCHAR(500) COLLATE utf8_general_ci NOT NULL,
  `BARRIO` VARCHAR(100) COLLATE utf8_general_ci DEFAULT NULL,
  `LAT` VARCHAR(20) COLLATE utf8_general_ci DEFAULT NULL,
  `LNG` VARCHAR(20) COLLATE utf8_general_ci DEFAULT NULL,
  `UBICACION` INTEGER(11) DEFAULT NULL,
  `CATEGORIA` INTEGER(11) DEFAULT NULL,
  `SUB_CATEGORIA` INTEGER(11) DEFAULT NULL,
  PRIMARY KEY (`ID_LOCALIDAD`) USING BTREE,
  KEY `FK_PERTENECE` (`ID_MUNICIPIO`) USING BTREE,
  KEY `UBICACION` (`UBICACION`) USING BTREE,
  KEY `CATEGORIA` (`CATEGORIA`) USING BTREE,
  KEY `SUB_CATEGORIA` (`SUB_CATEGORIA`) USING BTREE,
  CONSTRAINT `CATEGORIA_FK` FOREIGN KEY (`CATEGORIA`) REFERENCES `tipo_dato` (`ID_TIPO`) ON DELETE CASCADE,
  CONSTRAINT `CUB_CATEGORIA_FK` FOREIGN KEY (`SUB_CATEGORIA`) REFERENCES `tipo_dato` (`ID_TIPO`) ON DELETE CASCADE,
  CONSTRAINT `FK_PERTENECE` FOREIGN KEY (`ID_MUNICIPIO`) REFERENCES `municipio` (`ID_MUNICIPIO`),
  CONSTRAINT `UBICACION_FK` FOREIGN KEY (`UBICACION`) REFERENCES `tipo_dato` (`ID_TIPO`) ON DELETE CASCADE
) ENGINE=InnoDB
AUTO_INCREMENT=401 ROW_FORMAT=DYNAMIC CHARACTER SET 'utf8' COLLATE 'utf8_general_ci'
;

#
# Structure for the `ciclo` table : 
#

CREATE TABLE `ciclo` (
  `ID_CICLO` INTEGER(11) NOT NULL AUTO_INCREMENT,
  `ID_LOCALIDAD` INTEGER(11) DEFAULT NULL,
  `CICLO` INTEGER(11) DEFAULT NULL,
  PRIMARY KEY (`ID_CICLO`) USING BTREE,
  KEY `FK_LOCALIDAD_CICLO` (`ID_LOCALIDAD`) USING BTREE,
  CONSTRAINT `FK_LOCALIDAD_CICLO` FOREIGN KEY (`ID_LOCALIDAD`) REFERENCES `localidad` (`ID_LOCALIDAD`)
) ENGINE=InnoDB
AUTO_INCREMENT=401 ROW_FORMAT=DYNAMIC CHARACTER SET 'utf8' COLLATE 'utf8_general_ci'
;

#
# Structure for the `itinerario` table : 
#

CREATE TABLE `itinerario` (
  `ID_ITINERARIO` INTEGER(11) NOT NULL AUTO_INCREMENT,
  `ID_CICLO` INTEGER(11) DEFAULT NULL,
  `ITINERARIO` VARCHAR(20) COLLATE utf8_general_ci DEFAULT NULL,
  PRIMARY KEY (`ID_ITINERARIO`) USING BTREE,
  KEY `FK_CICLO_ITINERARIO` (`ID_CICLO`) USING BTREE,
  CONSTRAINT `FK_CICLO_ITINERARIO` FOREIGN KEY (`ID_CICLO`) REFERENCES `ciclo` (`ID_CICLO`)
) ENGINE=InnoDB
AUTO_INCREMENT=401 ROW_FORMAT=DYNAMIC CHARACTER SET 'utf8' COLLATE 'utf8_general_ci'
;

#
# Structure for the `ruta` table : 
#

CREATE TABLE `ruta` (
  `ID_RUTA` INTEGER(11) NOT NULL AUTO_INCREMENT,
  `ID_ITINERARIO` INTEGER(11) DEFAULT NULL,
  `RUTA` VARCHAR(20) COLLATE utf8_general_ci DEFAULT NULL,
  PRIMARY KEY (`ID_RUTA`) USING BTREE
) ENGINE=InnoDB
AUTO_INCREMENT=402 ROW_FORMAT=DYNAMIC CHARACTER SET 'utf8' COLLATE 'utf8_general_ci'
;

#
# Definition for the `view_carga` view : 
#

CREATE ALGORITHM=UNDEFINED DEFINER='root'@'localhost' SQL SECURITY DEFINER VIEW `view_carga`
AS
select
  `producto`.`ID_PRODUCTO` AS `ID_PRODUCTO`,
  `producto`.`PRODUCTO` AS `PRODUCTO`,
  `ciclo`.`CICLO` AS `CICLO`,
  `itinerario`.`ITINERARIO` AS `ITINERARIO`,
  `ruta`.`RUTA` AS `RUTA`,
  `tipo_dato`.`DESCRIPCION` AS `ESTADO`,
  `municipio`.`NOMBRE` AS `MUNICIPO`,
  `localidad`.`DIRECCION` AS `DIRECCION`,
  `persona`.`NOMBRE` AS `CLIENTE`,
  `persona`.`TELEFONO` AS `TELEFONO`,
  `usuario`.`ID_USUARIO` AS `ID_USUARIO`,
  `carga`.`FECHA_CARGA` AS `FECHA_CARGA`,
  `colaborador`.`NOMBRE` AS `FUNCIONARIO`,
  `carga`.`ID_CARGA` AS `ID_CARGA`
from
  ((((((((((`producto`
  join `carga` on ((`producto`.`ID_PRODUCTO` = `carga`.`ID_PRODUCTO`)))
  join `localidad` on ((`producto`.`ID_LOCALIDAD` = `localidad`.`ID_LOCALIDAD`)))
  join `ciclo` on ((`localidad`.`ID_LOCALIDAD` = `ciclo`.`ID_LOCALIDAD`)))
  join `itinerario` on ((`ciclo`.`ID_CICLO` = `itinerario`.`ID_CICLO`)))
  join `ruta` on ((`itinerario`.`ID_ITINERARIO` = `ruta`.`ID_ITINERARIO`)))
  join `tipo_dato` on ((`carga`.`ESTADO` = `tipo_dato`.`ID_TIPO`)))
  join `municipio` on ((`localidad`.`ID_MUNICIPIO` = `municipio`.`ID_MUNICIPIO`)))
  join `persona` on ((`producto`.`ID_CLIENTE` = `persona`.`ID_PERSONA`)))
  join `usuario` on ((`carga`.`ID_USUARIO` = `usuario`.`ID_USUARIO`)))
  join `persona` `colaborador` on ((`usuario`.`ID_PERSONA` = `colaborador`.`ID_PERSONA`)));

#
# Definition for the `view_funcionario` view : 
#

CREATE ALGORITHM=UNDEFINED DEFINER='root'@'localhost' SQL SECURITY DEFINER VIEW `view_funcionario`
AS
select
  distinct `carga`.`ID_USUARIO` AS `ID_USUARIO`,
  `persona`.`NOMBRE` AS `NOMBRE`,
  (
    select
      count(1)
    from
      `carga` `ca`
    where
      ((`usuario`.`ID_USUARIO` = `ca`.`ID_USUARIO`) and
      (`ca`.`ESTADO` = 24))
  ) AS `CARGADO`,
  (
    select
      count(1)
    from
      `carga` `ca`
    where
      ((`usuario`.`ID_USUARIO` = `ca`.`ID_USUARIO`) and
      (`ca`.`ESTADO` = 26))
  ) AS `EJECUTADO`
from
  ((`persona`
  join `usuario` on ((`persona`.`ID_PERSONA` = `usuario`.`ID_PERSONA`)))
  join `carga` on ((`usuario`.`ID_USUARIO` = `carga`.`ID_USUARIO`)));

#
# Definition for the `view_login` view : 
#

CREATE ALGORITHM=UNDEFINED DEFINER='root'@'localhost' SQL SECURITY DEFINER VIEW `view_login`
AS
select
  `usuario`.`ID_USUARIO` AS `ID_USUARIO`,
  `usuario`.`USUARIO` AS `USUARIO`,
  `usuario`.`PASS` AS `PASS`,
  `rol`.`DESCRIPCION` AS `ROL`,
  `estado`.`DESCRIPCION` AS `ESTADO`
from
  ((`tipo_dato` `rol`
  join `usuario` on ((`rol`.`ID_TIPO` = `usuario`.`TPO_USR`)))
  join `tipo_dato` `estado` on ((`usuario`.`ESTADO` = `estado`.`ID_TIPO`)));

#
# Definition for the `view_pmp` view : 
#

CREATE ALGORITHM=UNDEFINED DEFINER='root'@'localhost' SQL SECURITY DEFINER VIEW `view_pmp`
AS
select
  `producto`.`ID_PRODUCTO` AS `ID_PRODUCTO`,
  `producto`.`PRODUCTO` AS `PRODUCTO`,
  `municipio`.`NOMBRE` AS `MUNICIPO`,
  `localidad`.`DIRECCION` AS `DIRECCION`,
  `persona`.`NOMBRE` AS `CLIENTE`,
  `persona`.`TELEFONO` AS `TELEFONO`,
  `medidor`.`MARCA` AS `MARCA`,
  `medidor`.`SERIAL` AS `SERIAL`,
  `medidor`.`ANIO_FAB` AS `ANIO_FAB`,
  `medidor`.`DIGITOS` AS `DIGITOS`,
  `medidor`.`ID_MEDIDOR` AS `ID_MEDIDOR`,
  `cls`.`DESCRIPCION` AS `CLASE`,
  `tpo_med`.`DESCRIPCION` AS `TPO_MEDIDOR`
from
  ((((((`producto`
  join `localidad` on ((`producto`.`ID_LOCALIDAD` = `localidad`.`ID_LOCALIDAD`)))
  join `municipio` on ((`localidad`.`ID_MUNICIPIO` = `municipio`.`ID_MUNICIPIO`)))
  join `persona` on ((`producto`.`ID_CLIENTE` = `persona`.`ID_PERSONA`)))
  join `medidor` on ((`producto`.`MEDIDOR` = `medidor`.`ID_MEDIDOR`)))
  join `tipo_dato` `cls` on ((`medidor`.`CLASE` = `cls`.`ID_TIPO`)))
  join `tipo_dato` `tpo_med` on ((`medidor`.`TIPO_MEDIDOR` = `tpo_med`.`ID_TIPO`)));

#
# Data for the `tipo_dato` table  (LIMIT 0,500)
#

INSERT INTO `tipo_dato` (`ID_TIPO`, `GRUPO`, `CODIGO`, `DESCRIPCION`) VALUES
  (1,'ACTIVO','SI','ACTIVO'),
  (2,'ACTIVO','NO','INACTIVO'),
  (3,'UBICACION','RU','RURAL'),
  (4,'UBICACION','UR','URBANO'),
  (5,'CATEGORIA','RE','RESIDENCIAL'),
  (6,'CATEGORIA','CO','COMERCIAL'),
  (7,'CATEGORIA','OF','OFICIAL'),
  (8,'CATEGORIA','IN','INDUSTRIAL'),
  (9,'SUBCATEGORIA','E1','ESTRATO 1'),
  (10,'SUBCATEGORIA','E2','ESTRATO 2'),
  (11,'SUBCATEGORIA','E3','ESTRATO 3'),
  (12,'SUBCATEGORIA','E4','ESTRATO 4'),
  (13,'SUBCATEGORIA','E5','ESTRATO 5'),
  (14,'SUBCATEGORIA','E6','ESTRATO 6'),
  (15,'USUARIO','ADM','ADMINISTRADOR'),
  (16,'USUARIO','FUN','FUNCIONARIO'),
  (17,'USUARIO','CLI','CLIENTE'),
  (18,'CLASE','ELE','ELECTRONICO'),
  (19,'CLASE','MEC','MECANICO'),
  (20,'CLASE','INT','INTELIGENTE'),
  (21,'TP_MEDIDOR','MON','MONOFASICO'),
  (22,'TP_MEDIDOR','BIF','BIFASICO'),
  (23,'TP_MEDIDOR','TRI','TRIFASICO'),
  (24,'ESTADO_CARGA','CAR','CARGADO '),
  (25,'ESTADO_CARGA','PEN','PENDIENTE'),
  (26,'ESTADO_CARGA','EJE','EJECUTADO'),
  (30,'SUBCATEGORIA','EX','EXENTO CONTRIB');
COMMIT;

#
# Data for the `medidor` table  (LIMIT 0,500)
#

INSERT INTO `medidor` (`ID_MEDIDOR`, `CLASE`, `TIPO_MEDIDOR`, `MARCA`, `SERIAL`, `ANIO_FAB`, `DIGITOS`) VALUES
  (1,20,23,'ELSTER','76879775655',2015,4),
  (2,20,23,'ITRON','55023548',2014,10),
  (3,20,23,'ITRON','53105409',2014,10),
  (4,20,23,'METER','55026664',2014,10),
  (5,20,23,'ITRON','50119410',2014,10),
  (6,20,23,'ITRON','55024633',2014,10),
  (7,20,23,'ITRON','55023373',2014,10),
  (8,20,23,'ITRON','50115018',2014,10),
  (9,20,23,'ITRON','63058659',2014,10),
  (10,20,23,'ITRON','50119488',2014,10),
  (11,20,23,'ITRON','55025174',2014,10),
  (12,20,23,'ITRON','55024743',2014,10),
  (13,20,23,'ITRON','55024197',2014,10),
  (14,20,23,'ITRON','50119228',2014,10),
  (15,20,23,'ITRON','55023468',2014,10),
  (16,20,23,'ITRON','55024943',2014,10),
  (17,20,23,'ELSTER','12141312',2010,10),
  (18,18,22,'LANTA','10001178',2011,7),
  (19,18,22,'METER','105714599',2014,10),
  (20,19,22,'ELSGTM','12447932',2012,4),
  (21,19,22,'HOLBA','70800665',2012,4),
  (22,20,23,'ITRON','53120930',2014,10),
  (23,20,23,'ITRON','55024817',2014,10),
  (24,20,23,'ITRON','55024776',2014,10),
  (25,20,23,'ITRON','55023450',2014,10),
  (26,20,23,'ITRON','55026651',2014,10),
  (27,20,23,'ITRON','55023408',2014,10),
  (28,20,23,'ITRON','55023453',2014,10),
  (29,20,23,'ITRON','50092477',2014,10),
  (30,20,23,'ITRON','50092483',2014,10),
  (31,20,23,'ITRON','55026769',2014,10),
  (32,18,22,'METER','105719458',2014,10),
  (33,20,23,'ITRON','50119371',2014,10),
  (34,20,23,'ITRON','55024094',2014,10),
  (35,20,23,'ELSTER','15582974',2010,10),
  (36,20,23,'ITRON','50119496',2014,10),
  (37,20,23,'ITRON','55023467',2014,10),
  (38,20,23,'ITRON','55023388',2014,10),
  (39,20,23,'ITRON','53125944',2014,10),
  (40,20,23,'ITRON','53105429',2014,10),
  (41,20,23,'ELSTER','12447959',2010,10),
  (42,20,23,'ITRON','55024236',2014,10),
  (43,18,22,'LANTA','10001180',2011,7),
  (44,20,23,'ITRON','50119418',2014,10),
  (45,20,23,'ITRON','55023477',2014,10),
  (46,20,23,'ITRON','50119224',2014,10),
  (47,20,23,'ITRON','55023750',2014,10),
  (48,20,23,'ELSTER','55024726',2010,10),
  (49,20,23,'ITRON','55025303',2014,10),
  (50,20,23,'ITRON','53125917',2014,10),
  (51,20,23,'ELSTER','12447930',2010,10),
  (52,20,23,'ITRON','55023470',2014,10),
  (53,20,23,'ITRON','55024235',2014,10),
  (54,18,21,'ELGTM','704468EL',2014,6),
  (55,20,23,'ITRON','50119255',2014,10),
  (56,20,23,'ITRON','55025014',2014,10),
  (57,20,23,'ITRON','55025469',2014,10),
  (58,20,23,'ITRON','55025012',2014,10),
  (59,20,23,'ITRON','55023486',2014,10),
  (60,19,22,'ISKRA','21009576',2011,8),
  (61,20,23,'ITRON','55023574',2014,10),
  (62,20,23,'ELSTER','55023459',2010,10),
  (63,20,23,'ITRON','55025318',2014,10),
  (64,20,23,'ITRON','55024958',2014,10),
  (65,20,23,'ITRON','50092487',2014,10),
  (66,20,23,'ITRON','50119214',2014,10),
  (67,19,22,'AEGMM','49403281',2011,8),
  (68,19,22,'ISKRA','22902855',2011,8),
  (69,19,23,'ABB','136240AB',2012,9),
  (70,20,23,'ELSTER','12999334',2010,10),
  (71,20,23,'ITRON','53125913',2014,10),
  (72,20,23,'ITRON','50119242',2014,10),
  (73,20,23,'ELSTER','12447958',2010,10),
  (74,20,23,'ITRON','55024780',2014,10),
  (75,20,23,'ITRON','53120917',2014,10),
  (76,20,23,'ITRON','55024885',2014,10),
  (77,20,23,'ITRON','53105422',2014,10),
  (78,20,23,'ITRON','55023534',2014,10),
  (79,20,23,'ELSTER','8630730E',2010,10),
  (80,20,23,'ITRON','53126023',2014,10),
  (81,20,23,'ITRON','55024757',2014,10),
  (82,20,23,'ITRON','55023619',2014,10),
  (83,20,23,'ITRON','55025391',2014,10),
  (84,20,23,'ELSTER','12545621',2010,10),
  (85,20,23,'ELSTER','12340982',2010,10),
  (86,20,23,'ITRON','55023476',2014,10),
  (87,20,23,'ELSTER','12447919',2010,10),
  (88,20,23,'ITRON','55024752',2014,10),
  (89,20,23,'ELSTER','12447967',2010,10),
  (90,20,23,'ITRON','55023457',2014,10),
  (91,20,23,'ITRON','55024787',2014,10),
  (92,20,23,'ITRON','50092474',2014,10),
  (93,20,23,'ITRON','55024125',2014,10),
  (94,20,23,'ITRON','55024657',2014,10),
  (95,20,23,'ITRON','55023443',2014,10),
  (96,20,23,'ITRON','55024597',2014,10),
  (97,20,23,'ELSTER','12447920',2010,10),
  (98,20,23,'ITRON','55025314',2014,10),
  (99,20,23,'ITRON','50119251',2014,10),
  (100,20,23,'ITRON','55024276',2014,10),
  (101,18,22,'METER','11092969',2014,10),
  (102,20,23,'ITRON','55024268',2014,10),
  (103,20,23,'ITRON','55024141',2014,10),
  (104,20,23,'ITRON','50119217',2014,10),
  (105,20,23,'ITRON','53105398',2014,10),
  (106,20,23,'ITRON','55023550',2014,10),
  (107,20,23,'ELSTER','134992',2010,10),
  (108,18,22,'METER','11092890',2014,10),
  (109,20,23,'ITRON','55023456',2014,10),
  (110,19,22,'ISKRA','8581975I',2011,8),
  (111,20,23,'ITRON','55023377',2014,10),
  (112,20,23,'ELSTER','12999371',2010,10),
  (113,20,23,'ITRON','55025299',2014,10),
  (114,20,23,'ITRON','55023586',2014,10),
  (115,20,23,'ITRON','55023462',2014,10),
  (116,18,21,'METMA','1006019',2014,6),
  (117,18,21,'METMA','1006026',2014,6),
  (118,18,21,'METMA','1006028',2014,6),
  (119,18,21,'METMA','1005705',2014,6),
  (120,20,23,'ELSTER','8218785E',2010,10),
  (121,18,21,'CDM','27776',2014,6),
  (122,18,21,'DESMA','467081DE',2014,6),
  (123,18,21,'TECMA','4766192T',2014,6),
  (124,19,22,'ISKRA','44504568',2011,8),
  (125,20,23,'ELSTER','11400107',2010,10),
  (126,18,21,'METMA','1011338',2014,6),
  (127,18,21,'METMA','1011337',2014,6),
  (128,18,21,'CDM','30239',2014,6),
  (129,19,22,'HOLBA','50310021',2012,4),
  (130,19,22,'HOLBA','50308145',2012,4),
  (131,18,21,'CDM','29007',2014,6),
  (132,18,21,'METMA','1008192',2014,6),
  (133,18,21,'METMA','1008198',2014,6),
  (134,18,21,'METMA','1002954',2014,6),
  (135,18,21,'METMA','1003821',2014,6),
  (136,18,21,'METMA','1010714',2014,6),
  (137,18,21,'METMA','1003346',2014,6),
  (138,18,22,'METER','105719381',2014,10),
  (139,18,21,'METMA','1000001',2014,6),
  (140,18,21,'METMA','1002162',2014,6),
  (141,18,21,'CDM','33676',2014,6),
  (142,18,21,'METMA','1017545',2014,6),
  (143,19,22,'HOLBA','60909421',2012,4),
  (144,18,21,'METMA','1009658',2014,6),
  (145,18,21,'METMA','1010564',2014,6),
  (146,18,21,'METMA','1017882',2014,6),
  (147,18,21,'TECMA','4766126T',2014,6),
  (148,18,21,'METMA','1024997',2014,6),
  (149,18,21,'METMA','1005709',2014,6),
  (150,18,21,'METMA','1003031',2014,6),
  (151,18,21,'CDM','38454',2014,6),
  (152,18,21,'METMA','1000165',2014,6),
  (153,18,21,'METMA','1001383',2014,6),
  (154,18,21,'METMA','1000229',2014,6),
  (155,18,21,'METMA','1002291',2014,6),
  (156,18,21,'METMA','1002281',2014,6),
  (157,18,21,'METMA','1001520',2014,6),
  (158,19,22,'ISKRA','45330122',2011,8),
  (159,18,21,'METMA','1019761',2014,6),
  (160,18,21,'CDM','40198',2014,6),
  (161,18,21,'ELSBA','10073308',2014,6),
  (162,18,21,'CDM','30204',2014,6),
  (163,18,21,'METMA','1004696',2014,6),
  (164,18,21,'METMA','1002304',2014,6),
  (165,18,21,'CDM','29328',2014,6),
  (166,18,21,'CDM','30238',2014,6),
  (167,18,21,'METMA','1023118',2014,6),
  (168,18,21,'TECMA','4831270T',2014,6),
  (169,19,22,'HOLBA','90452048',2012,4),
  (170,18,21,'TECMA','4635661T',2014,6),
  (171,18,21,'METMA','1001662',2014,6),
  (172,19,22,'HOLBA','11020344',2012,4),
  (173,18,21,'CHIMA','66900392',2014,6),
  (174,18,21,'METMA','1015073',2014,6),
  (175,18,21,'DESMA','5153463D',2014,6),
  (176,19,22,'HOLBA','10090231',2012,4),
  (177,18,21,'METMA','1001490',2014,6),
  (178,18,22,'METER','105716482',2014,10),
  (179,18,21,'METMA','1001278',2014,6),
  (180,18,21,'METMA','1080197',2014,6),
  (181,18,21,'METMA','1004504',2014,6),
  (182,18,21,'METMA','1025385',2014,6),
  (183,18,21,'CDM','20052',2014,6),
  (184,18,21,'METMA','1062151',2014,6),
  (185,18,21,'DESMA','6949085D',2014,6),
  (186,18,21,'KRISIK','8362401K',2014,6),
  (187,18,21,'METMA','1048288',2014,6),
  (188,18,21,'CDM','27783',2014,6),
  (189,19,22,'ISKRA','44634491',2011,8),
  (190,18,21,'CDM','33673',2014,6),
  (191,18,21,'RUSMA','469831RU',2014,6),
  (192,18,21,'KRISIK','8440256K',2014,6),
  (193,18,21,'METMA','1033110',2014,6),
  (194,18,21,'OSAMA','1014266O',2014,6),
  (195,18,21,'DESMA','8341417D',2014,6),
  (196,18,21,'CDM','38861',2014,6),
  (197,19,22,'HOLBA','11010447',2012,4),
  (198,19,22,'HOLBA','11010757',2012,4),
  (199,18,21,'METMA','1000857',2014,6),
  (200,18,21,'CDM','40376',2014,6),
  (201,18,21,'METMA','1000855',2014,6),
  (202,18,21,'CDM','40377',2014,6),
  (203,18,21,'METMA','1000648',2014,6),
  (204,18,21,'CDM','40380',2014,6),
  (205,18,21,'CDM','38071',2014,6),
  (206,18,21,'TECMA','4766210T',2014,6),
  (207,18,21,'METMA','1009413',2014,6),
  (208,18,21,'METMA','1000903',2014,6),
  (209,18,22,'METER','105719442',2014,10),
  (210,18,21,'CDM','27781',2014,6),
  (211,18,21,'CDM','27782',2014,6),
  (212,18,21,'CDM','32423',2014,6),
  (213,18,21,'CDM','32421',2014,6),
  (214,18,21,'CDM','32604',2014,6),
  (215,18,21,'CDM','32409',2014,6),
  (216,19,22,'HOLBA','11010757',2012,4),
  (217,18,21,'CDM','32416',2014,6),
  (218,19,22,'HOLBA','11010756',2012,4),
  (219,18,21,'TECMA','4639655T',2014,6),
  (220,18,21,'METMA','1001194',2014,6),
  (221,18,21,'METMA','1006018',2014,6),
  (222,19,22,'HOLBA','90804463',2012,4),
  (223,18,21,'CHIMA','10006756',2014,6),
  (224,18,22,'METER','105716344',2014,10),
  (225,18,21,'CDM','32036',2014,6),
  (226,18,21,'CDM','32608',2014,6),
  (227,18,21,'RYMBA','8350014R',2014,6),
  (228,18,21,'CDM','32615',2014,6),
  (229,18,21,'METMA','1004380',2014,6),
  (230,18,21,'CDM','32422',2014,6),
  (231,18,21,'METMA','1003025',2014,6),
  (232,18,21,'CDM','32606',2014,6),
  (233,18,21,'ELSBA','10071650',2014,6),
  (234,18,21,'METMA','1003033',2014,6),
  (235,18,21,'CDM','32607',2014,6),
  (236,18,21,'METMA','1000239',2014,6),
  (237,18,21,'CDM','29955',2014,6),
  (238,19,22,'HOLBA','10571183',2012,4),
  (239,19,22,'HOLBA','70508997',2012,4),
  (240,18,21,'METMA','1007002',2014,6),
  (241,18,21,'METMA','1000798',2014,6),
  (242,18,21,'METMA','1000943',2014,6),
  (243,18,21,'METMA','1000569',2014,6),
  (244,19,22,'HOLBA','11010540',2012,4),
  (245,18,21,'TECMA','4639841T',2014,6),
  (246,19,22,'HOLBA','70507861',2012,4),
  (247,18,21,'METMA','1001480',2014,6),
  (248,18,21,'METMA','1002060',2014,6),
  (249,18,21,'METMA','1008707',2014,6),
  (250,18,21,'METMA','1000685',2014,6),
  (251,18,21,'METMA','1008501',2014,6),
  (252,18,21,'METMA','1004379',2014,6),
  (253,18,22,'METER','105712917',2014,10),
  (254,18,21,'KRISIK','8362144K',2014,6),
  (255,18,21,'CDM','20112009',2014,6),
  (256,18,22,'METER','100155544',2014,10),
  (257,19,22,'ISKRA','12827480',2011,8),
  (258,18,21,'ELSBA','10072919',2014,6),
  (259,18,21,'METMA','1001479',2014,6),
  (260,19,22,'ISKRA','44801509',2011,8),
  (261,18,21,'ELSBA','10109065',2014,6),
  (262,18,21,'METMA','1000950',2014,6),
  (263,19,22,'HOLBA','11010726',2012,4),
  (264,19,22,'HOLBA','90452034',2012,4),
  (265,18,21,'CDM','29969',2014,6),
  (266,18,21,'CDM','29971',2014,6),
  (267,18,21,'METMA','618128',2014,6),
  (268,18,21,'CDM','29972',2014,6),
  (269,18,21,'CDM','29970',2014,6),
  (270,19,22,'HOLBA','51115918',2012,4),
  (271,18,21,'OSAMA','20112013',2014,6),
  (272,18,21,'CDM','32405',2014,6),
  (273,18,21,'METMA','1078562',2014,6),
  (274,18,21,'METMA','1107674',2014,6),
  (275,18,21,'METMA','1000260',2014,6),
  (276,18,21,'METMA','1001900',2014,6),
  (277,18,21,'CDM','38457',2014,6),
  (278,18,21,'CDM','38465',2014,6),
  (279,18,21,'METMA','1006769',2014,6),
  (280,18,21,'METMA','1006770',2014,6),
  (281,19,22,'HOLBA','70117943',2012,4),
  (282,18,21,'METMA','1001587',2014,6),
  (283,19,22,'HOLBA','11010755',2012,4),
  (284,19,22,'HOLBA','11010541',2012,4),
  (285,18,21,'METMA','1000655',2014,6),
  (286,18,21,'CDM','40369',2014,6),
  (287,18,21,'ESCMA','8223992E',2014,6),
  (288,20,23,'ITRON','55025327',2014,10),
  (289,18,21,'CDM','40386',2014,6),
  (290,19,22,'HOLBA','11010775',2012,4),
  (291,18,21,'METMA','1001993',2014,6),
  (292,18,21,'METMA','1000141',2014,6),
  (293,18,21,'METMA','1000578',2014,6),
  (294,18,21,'CDM','40390',2014,6),
  (295,18,21,'CDM','40392',2014,6),
  (296,18,21,'ELSBA','10109035',2014,6),
  (297,18,21,'METMA','1000778',2014,6),
  (298,18,21,'METMA','1000089',2014,6),
  (299,18,21,'CDM','39571',2014,6),
  (300,18,21,'CHIMA','66900142',2014,6),
  (301,18,21,'TECMA','4640437T',2014,6),
  (302,18,21,'CHIMA','66900140',2014,6),
  (303,18,21,'METMA','1000533',2014,6),
  (304,18,21,'CDM','40389',2014,6),
  (305,18,21,'METMA','1016310',2014,6),
  (306,19,22,'HOLBA','11020609',2012,4),
  (307,18,21,'METMA','1000992',2014,6),
  (308,18,22,'METER','110106091',2014,10),
  (309,18,21,'METMA','1003337',2014,6),
  (310,18,21,'METMA','1016325',2014,6),
  (311,18,21,'METMA','1006016',2014,6),
  (312,18,21,'METMA','1006027',2014,6),
  (313,18,21,'LANBA','10000368',2014,6),
  (314,18,22,'METER','105715829',2014,10),
  (315,18,21,'TECBA','1020567T',2014,6),
  (316,19,22,'HOLBA','11020378',2012,4),
  (317,19,22,'ISKRA','36976090',2011,8),
  (318,18,21,'LANBA','10000974',2014,6),
  (319,18,21,'ELSBA','29547ELS',2014,6),
  (320,18,22,'METER','100156207',2014,10),
  (321,18,21,'LANBA','10000073',2014,6),
  (322,18,21,'METMA','1008713',2014,6),
  (323,18,22,'LANTA','10001038',2011,7),
  (324,19,22,'HOLBA','11020409',2012,4),
  (325,18,21,'LANBA','10000367',2014,6),
  (326,18,21,'METMA','1000478',2014,6),
  (327,19,22,'ISKRA','43964843',2011,8),
  (328,18,21,'METMA','1008252',2014,6),
  (329,18,21,'METMA','1010365',2014,6),
  (330,18,21,'METMA','1010482',2014,6),
  (331,18,22,'LANTA','10001078',2011,7),
  (332,18,22,'METER','1000808',2014,10),
  (333,18,21,'TECMA','4826925T',2014,6),
  (334,18,21,'CDM','38684',2014,6),
  (335,18,21,'METMA','1000813',2014,6),
  (336,18,21,'METMA','1008263',2014,6),
  (337,18,21,'ELSBA','10109259',2014,6),
  (338,18,21,'OSAMA','20112019',2014,6),
  (339,19,22,'HOLBA','11010456',2012,4),
  (340,18,21,'METMA','1008661',2014,6),
  (341,18,21,'ELSBA','10122710',2014,6),
  (342,19,22,'HOLBA','11010473',2012,4),
  (343,18,21,'CDM','39843',2014,6),
  (344,19,22,'HOLBA','11010949',2012,4),
  (345,19,22,'HOLBA','11010949',2012,4),
  (346,18,22,'METER','105716110',2014,10),
  (347,18,21,'CNM','20112008',2014,6),
  (348,18,21,'CDM','20112010',2014,6),
  (349,18,21,'TECMA','4829473T',2014,6),
  (350,18,21,'METMA','1028659',2014,6),
  (351,18,21,'CDM','20112008',2014,6),
  (352,18,21,'METMA','1003028',2014,6),
  (353,18,22,'METER','105711850',2014,10),
  (354,18,21,'METMA','1008601',2014,6),
  (355,18,21,'METMA','1002157',2014,6),
  (356,18,21,'METMA','1001975',2014,6),
  (357,18,21,'ELSBA','10073119',2014,6),
  (358,18,21,'METMA','1003972',2014,6),
  (359,18,21,'METMA','1000082',2014,6),
  (360,18,21,'CDM','40182',2014,6),
  (361,18,21,'METMA','1008212',2014,6),
  (362,18,21,'METMA','1008203',2014,6),
  (363,18,21,'METMA','1006778',2014,6),
  (364,19,22,'HOLBA','51111816',2012,4),
  (365,19,22,'HOLBA','70115329',2012,4),
  (366,18,21,'METMA','1016084',2014,6),
  (367,18,21,'METMA','1001982',2014,6),
  (368,19,22,'HOLBA','51016749',2012,4),
  (369,18,22,'METER','100133808',2014,10),
  (370,19,22,'HOLBA','50311395',2012,4),
  (371,18,22,'METER','100133800',2014,10),
  (372,18,21,'ELSBA','10077874',2014,6),
  (373,18,21,'METMA','1009660',2014,6),
  (374,18,21,'METMA','1037953',2014,6),
  (375,18,22,'METER','100136509',2014,10),
  (376,18,22,'METER','100133790',2014,10),
  (377,18,22,'METER','100133792',2014,10),
  (378,18,21,'METMA','100132517',2014,6),
  (379,18,22,'METER','100137296',2014,10),
  (380,18,22,'METER','10109751',2014,10),
  (381,18,22,'METER','100132506',2014,10),
  (382,18,22,'METER','100132518',2014,10),
  (383,18,21,'METMA','1008684',2014,6),
  (384,18,21,'METMA','1000804',2014,6),
  (385,18,22,'METER','100133633',2014,10),
  (386,18,22,'METER','100133645',2014,10),
  (387,18,21,'METMA','1011604',2014,6),
  (388,18,22,'METER','100133657',2014,10),
  (389,18,21,'METMA','1069894',2014,6),
  (390,18,22,'METER','100133661',2014,10),
  (391,18,21,'METMA','1004902',2014,6),
  (392,18,21,'ELSBA','10109180',2014,6),
  (393,18,22,'METER','100133809',2014,10),
  (394,18,21,'CDM','20112011',2014,6),
  (395,18,21,'CDM','20056',2014,6),
  (396,18,21,'METMA','1080830',2014,6),
  (397,18,22,'METER','105711866',2014,10),
  (398,18,21,'METMA','1010433',2014,6),
  (399,18,21,'ESCMA','8220750E',2014,6),
  (400,18,22,'LANTA','10001064',2011,7);
COMMIT;

#
# Data for the `producto` table  (LIMIT 0,500)
#

INSERT INTO `producto` (`ID_PRODUCTO`, `ID_CLIENTE`, `ID_LOCALIDAD`, `PRODUCTO`, `FECHA_INSTALACION`, `MEDIDOR`) VALUES
  (1,1,1,'550229925','2008-01-12',1),
  (2,2,2,'225389653','2008-01-19',2),
  (3,3,3,'225390499','2008-01-26',3),
  (4,4,4,'225391276','2008-02-02',4),
  (5,5,5,'225392053','2008-02-09',5),
  (6,6,6,'833191005','2008-02-16',6),
  (7,7,7,'595930963','2008-02-23',7),
  (8,8,8,'877157805','2008-03-01',8),
  (9,9,9,'898204597','2008-03-08',9),
  (10,10,10,'225401982','2008-03-15',10),
  (11,11,11,'898113209','2008-03-22',11),
  (12,12,12,'898186376','2008-03-29',12),
  (13,13,13,'225404323','2008-04-05',13),
  (14,14,14,'225406897','2008-04-12',14),
  (15,15,15,'225407674','2008-04-19',15),
  (16,16,16,'554543998','2008-04-26',16),
  (17,17,17,'875699162','2008-05-03',17),
  (18,18,18,'553688307','2008-05-10',18),
  (19,19,19,'556223667','2008-05-17',19),
  (20,20,20,'556228572','2008-05-24',20),
  (21,21,21,'553183577','2008-05-31',21),
  (22,22,22,'553184354','2008-06-07',22),
  (23,23,23,'225731990','2008-06-14',23),
  (24,24,24,'225415989','2008-06-21',24),
  (25,25,25,'225419107','2008-06-28',25),
  (26,26,26,'225422507','2008-07-05',26),
  (27,27,27,'225423394','2008-07-12',27),
  (28,28,28,'225427412','2008-07-19',28),
  (29,29,29,'225428209','2008-07-26',29),
  (30,30,30,'225429086','2008-08-02',30),
  (31,31,31,'668341102','2008-08-09',31),
  (32,32,32,'225431609','2008-08-16',32),
  (33,33,33,'551719820','2008-08-23',33),
  (34,34,34,'553240307','2008-08-30',34),
  (35,35,35,'225433263','2008-09-06',35),
  (36,36,36,'225441578','2008-09-13',36),
  (37,37,37,'225446483','2008-09-20',37),
  (38,38,38,'225448047','2008-09-27',38),
  (39,39,39,'862484340','2008-10-04',39),
  (40,40,40,'225409238','2008-10-11',40),
  (41,41,41,'225451447','2008-10-18',41),
  (42,42,42,'555684087','2008-10-25',42),
  (43,43,43,'596121414','2008-11-01',43),
  (44,44,44,'225453001','2008-11-08',44),
  (45,45,45,'225457139','2008-11-15',45),
  (46,46,46,'225458916','2008-11-22',46),
  (47,47,47,'225460539','2008-11-29',47),
  (48,48,48,'667850250','2008-12-06',48),
  (49,49,49,'225462103','2008-12-13',49),
  (50,50,50,'862483563','2008-12-20',50),
  (51,51,51,'225464767','2008-12-27',51),
  (52,52,52,'225466221','2009-01-03',52),
  (53,53,53,'225475313','2009-01-10',53),
  (54,54,54,'225474636','2009-01-17',54),
  (55,55,55,'225476100','2009-01-24',55),
  (56,56,56,'225477987','2009-01-31',56),
  (57,57,57,'225480387','2009-02-07',57),
  (58,58,58,'225481164','2009-02-14',58),
  (59,59,59,'225483728','2009-02-21',59),
  (60,60,60,'225486079','2009-02-28',60),
  (61,61,61,'225487856','2009-03-07',61),
  (62,62,62,'225488633','2009-03-14',62),
  (63,63,63,'225493607','2009-03-21',63),
  (64,64,64,'225494484','2009-03-28',64),
  (65,65,65,'225495161','2009-04-04',65),
  (66,66,66,'225496948','2009-04-11',66),
  (67,67,67,'225503203','2009-04-18',67),
  (68,68,68,'225503203','2009-04-25',68),
  (69,69,69,'225506554','2009-05-02',69),
  (70,70,70,'561327824','2009-05-09',70),
  (71,71,71,'225507331','2009-05-16',71),
  (72,72,72,'225510731','2009-05-23',72),
  (73,73,73,'225512305','2009-05-30',73),
  (74,74,74,'225514969','2009-06-06',74),
  (75,75,75,'225515646','2009-06-13',75),
  (76,76,76,'225519874','2009-06-20',76),
  (77,77,77,'668343766','2009-06-27',77),
  (78,78,78,'225523051','2009-07-04',78),
  (79,79,79,'225524838','2009-07-11',79),
  (80,80,80,'225527189','2009-07-18',80),
  (81,81,81,'225530589','2009-07-25',81),
  (82,82,82,'225531366','2009-08-01',82),
  (83,83,83,'225533920','2009-08-08',83),
  (84,84,84,'225534707','2009-08-15',84),
  (85,85,85,'225542012','2009-08-22',85),
  (86,86,86,'225543809','2009-08-29',86),
  (87,87,87,'225546140','2009-09-05',87),
  (88,88,88,'225549591','2009-09-12',88),
  (89,89,89,'225550327','2009-09-19',89),
  (90,90,90,'884855860','2009-09-26',90),
  (91,91,91,'225555232','2009-10-03',91),
  (92,92,92,'225556019','2009-10-10',92),
  (93,93,93,'225557806','2009-10-17',93),
  (94,94,94,'225558683','2009-10-24',94),
  (95,95,95,'225559460','2009-10-31',95),
  (96,96,96,'225560206','2009-11-07',96),
  (97,97,97,'225561083','2009-11-14',97),
  (98,98,98,'225562860','2009-11-21',98),
  (99,99,99,'225566998','2009-11-28',99),
  (100,100,100,'225569339','2009-12-05',100),
  (101,101,101,'830666441','2009-12-12',101),
  (102,102,102,'225574303','2009-12-19',102),
  (103,103,103,'225575080','2009-12-26',103),
  (104,104,104,'225577644','2010-01-02',104),
  (105,105,105,'225591700','2010-01-09',105),
  (106,106,106,'225592587','2010-01-16',106),
  (107,107,107,'225594141','2010-01-23',107),
  (108,108,108,'592104401','2010-01-30',108),
  (109,109,109,'679494571','2010-02-06',109),
  (110,110,110,'593286863','2010-02-13',110),
  (111,111,111,'225595828','2010-02-20',111),
  (112,112,112,'593428617','2010-02-27',112),
  (113,113,113,'682665529','2010-03-06',113),
  (114,114,114,'592517779','2010-03-13',114),
  (115,115,115,'225598279','2010-03-20',115),
  (116,116,116,'620029909','2010-03-27',116),
  (117,117,117,'620030735','2010-04-03',117),
  (118,118,118,'620031512','2010-04-10',118),
  (119,119,119,'620042278','2010-04-17',119),
  (120,120,120,'620043055','2010-04-24',120),
  (121,121,121,'636718963','2010-05-01',121),
  (122,122,122,'620044832','2010-05-08',122),
  (123,123,123,'620045519','2010-05-15',123),
  (124,124,124,'667514401','2010-05-22',124),
  (125,125,125,'636848447','2010-05-29',125),
  (126,126,126,'895793821','2010-06-05',126),
  (127,127,127,'895814293','2010-06-12',127),
  (128,128,128,'620046306','2010-06-19',128),
  (129,129,129,'620047183','2010-06-26',129),
  (130,130,130,'620048960','2010-07-03',130),
  (131,131,131,'839788701','2010-07-10',131),
  (132,132,132,'620049747','2010-07-17',132),
  (133,133,133,'620050583','2010-07-24',133),
  (134,134,134,'620051360','2010-07-31',134),
  (135,135,135,'620052147','2010-08-07',135),
  (136,136,136,'620053924','2010-08-14',136),
  (137,137,137,'620054701','2010-08-21',137),
  (138,138,138,'620055498','2010-08-28',138),
  (139,139,139,'620056275','2010-09-04',139),
  (140,140,140,'620057052','2010-09-11',140),
  (141,141,141,'620058839','2010-09-18',141),
  (142,142,142,'620059616','2010-09-25',142),
  (143,143,143,'677907878','2010-10-02',143),
  (144,144,144,'898096310','2010-10-09',144),
  (145,145,145,'881579788','2010-10-16',145),
  (146,146,146,'620060452','2010-10-23',146),
  (147,147,147,'620061239','2010-10-30',147),
  (148,148,148,'620062016','2010-11-06',148),
  (149,149,149,'620063803','2010-11-13',149),
  (150,150,150,'620064680','2010-11-20',150),
  (151,151,151,'685161243','2010-11-27',151),
  (152,152,152,'620065367','2010-12-04',152),
  (153,153,153,'620089333','2010-12-11',153),
  (154,154,154,'620090179','2010-12-18',154),
  (155,155,155,'886747506','2010-12-25',155),
  (156,156,156,'620091956','2011-01-01',156),
  (157,157,157,'886752560','2011-01-08',157),
  (158,158,158,'685163807','2011-01-15',158),
  (159,159,159,'620214749','2011-01-22',159),
  (160,160,160,'620217090','2011-01-29',160),
  (161,161,161,'620219654','2011-02-05',161),
  (162,162,162,'620221277','2011-02-12',162),
  (163,163,163,'620223831','2011-02-19',163),
  (164,164,164,'620224618','2011-02-26',164),
  (165,165,165,'620225305','2011-03-05',165),
  (166,166,166,'620226182','2011-03-12',166),
  (167,167,167,'620227969','2011-03-19',167),
  (168,168,168,'620228746','2011-03-26',168),
  (169,169,169,'620234597','2011-04-02',169),
  (170,170,170,'620235274','2011-04-09',170),
  (171,171,171,'620238615','2011-04-16',171),
  (172,172,172,'878956283','2011-04-23',172),
  (173,173,173,'827730335','2011-04-30',173),
  (174,174,174,'898089970','2011-05-07',174),
  (175,175,175,'620157819','2011-05-14',175),
  (176,176,176,'862232697','2011-05-21',176),
  (177,177,177,'620159483','2011-05-28',177),
  (178,178,178,'620192500','2011-06-04',178),
  (179,179,179,'619835200','2011-06-11',179),
  (180,180,180,'898169071','2011-06-18',180),
  (181,181,181,'637455776','2011-06-25',181),
  (182,182,182,'619841041','2011-07-02',182),
  (183,183,183,'619842828','2011-07-09',183),
  (184,184,184,'619844492','2011-07-16',184),
  (185,185,185,'619847733','2011-07-23',185),
  (186,186,186,'619850133','2011-07-30',186),
  (187,187,187,'619851910','2011-08-06',187),
  (188,188,188,'619853584','2011-08-13',188),
  (189,189,189,'673913003','2011-08-20',189),
  (190,190,190,'619854361','2011-08-27',190),
  (191,191,191,'619860002','2011-09-03',191),
  (192,192,192,'619861899','2011-09-10',192),
  (193,193,193,'619862676','2011-09-17',193),
  (194,194,194,'619863453','2011-09-24',194),
  (195,195,195,'619864230','2011-10-01',195),
  (196,196,196,'619871768','2011-10-08',196),
  (197,197,197,'619872545','2011-10-15',197),
  (198,198,198,'619874109','2011-10-22',198),
  (199,199,199,'619875896','2011-10-29',199),
  (200,200,200,'636243850','2011-11-05',200),
  (201,201,201,'619878237','2011-11-12',201),
  (202,202,202,'620241015','2011-11-19',202),
  (203,203,203,'620244466','2011-11-26',203),
  (204,204,204,'620246920','2011-12-03',204),
  (205,205,205,'620247707','2011-12-10',205),
  (206,206,206,'898099495','2011-12-17',206),
  (207,207,207,'898099542','2011-12-24',207),
  (208,208,208,'620250107','2011-12-31',208),
  (209,209,209,'620252771','2012-01-07',209),
  (210,210,210,'620255012','2012-01-14',210),
  (211,211,211,'620279098','2012-01-21',211),
  (212,212,212,'636488985','2012-01-28',212),
  (213,213,213,'620280824','2012-02-04',213),
  (214,214,214,'620281601','2012-02-11',214),
  (215,215,215,'620283275','2012-02-18',215),
  (216,216,216,'620284052','2012-02-25',216),
  (217,217,217,'620032309','2012-03-03',217),
  (218,218,218,'620034963','2012-03-10',218),
  (219,219,219,'636237009','2012-03-17',219),
  (220,220,220,'882794104','2012-03-24',220),
  (221,221,221,'620038091','2012-03-31',221),
  (222,222,222,'620039878','2012-04-07',222),
  (223,223,223,'635857680','2012-04-14',223),
  (224,224,224,'620041491','2012-04-21',224),
  (225,225,225,'620066144','2012-04-28',225),
  (226,226,226,'620067921','2012-05-05',226),
  (227,227,227,'620068708','2012-05-12',227),
  (228,228,228,'620069595','2012-05-19',228),
  (229,229,229,'620070321','2012-05-26',229),
  (230,230,230,'620071108','2012-06-02',230),
  (231,231,231,'620072995','2012-06-09',231),
  (232,232,232,'620073772','2012-06-16',232),
  (233,233,233,'620074559','2012-06-23',233),
  (234,234,234,'636238896','2012-06-30',234),
  (235,235,235,'620075236','2012-07-07',235),
  (236,236,236,'620076013','2012-07-14',236),
  (237,237,237,'620077800','2012-07-21',237),
  (238,238,238,'620078687','2012-07-28',238),
  (239,239,239,'620080200','2012-08-04',239),
  (240,240,240,'620081087','2012-08-11',240),
  (241,241,241,'620083641','2012-08-18',241),
  (242,242,242,'887300232','2012-08-25',242),
  (243,243,243,'619881637','2012-09-01',243),
  (244,244,244,'619882414','2012-09-08',244),
  (245,245,245,'619783434','2012-09-15',245),
  (246,246,246,'619784211','2012-09-22',246),
  (247,247,247,'619785908','2012-09-29',247),
  (248,248,248,'852420931','2012-10-06',248),
  (249,249,249,'852419105','2012-10-13',249),
  (250,250,250,'889208539','2012-10-20',250),
  (251,251,251,'889207752','2012-10-27',251),
  (252,252,252,'890216500','2012-11-03',252),
  (253,253,253,'619788349','2012-11-10',253),
  (254,254,254,'619796654','2012-11-17',254),
  (255,255,255,'619797431','2012-11-24',255),
  (256,256,256,'619808924','2012-12-01',256),
  (257,257,257,'619810547','2012-12-08',257),
  (258,258,258,'619815452','2012-12-15',258),
  (259,259,259,'619817016','2012-12-22',259),
  (260,260,260,'619819680','2012-12-29',260),
  (261,261,261,'888532906','2013-01-05',261),
  (262,262,262,'619823867','2013-01-12',262),
  (263,263,263,'619829559','2013-01-19',263),
  (264,264,264,'636245314','2013-01-26',264),
  (265,265,265,'620084428','2013-02-02',265),
  (266,266,266,'620086992','2013-02-09',266),
  (267,267,267,'867136423','2013-02-16',267),
  (268,268,268,'620087779','2013-02-23',268),
  (269,269,269,'620088556','2013-03-02',269),
  (270,270,270,'636226353','2013-03-09',270),
  (271,271,271,'898177522','2013-03-16',271),
  (272,272,272,'620101662','2013-03-23',272),
  (273,273,273,'898174513','2013-03-30',273),
  (274,274,274,'898212198','2013-04-06',274),
  (275,275,275,'620102449','2013-04-13',275),
  (276,276,276,'620104003','2013-04-20',276),
  (277,277,277,'620105790','2013-04-27',277),
  (278,278,278,'620229523','2013-05-04',278),
  (279,279,279,'620256809','2013-05-11',279),
  (280,280,280,'620257686','2013-05-18',280),
  (281,281,281,'620258463','2013-05-25',281),
  (282,282,282,'637051490','2013-06-01',282),
  (283,283,283,'620264204','2013-06-08',283),
  (284,284,284,'620266778','2013-06-15',284),
  (285,285,285,'887453905','2013-06-22',285),
  (286,286,286,'620267555','2013-06-29',286),
  (287,287,287,'898109334','2013-07-06',287),
  (288,288,288,'225599056','2013-07-13',288),
  (289,289,289,'620272519','2013-07-20',289),
  (290,290,290,'620273306','2013-07-27',290),
  (291,291,291,'620274183','2013-08-03',291),
  (292,292,292,'637396382','2013-08-10',292),
  (293,293,293,'637133073','2013-08-17',293),
  (294,294,294,'620275860','2013-08-24',294),
  (295,295,295,'620277424','2013-08-31',295),
  (296,296,296,'636239673','2013-09-07',296),
  (297,297,297,'619937621','2013-09-14',297),
  (298,298,298,'619938408','2013-09-21',298),
  (299,299,299,'619942695','2013-09-28',299),
  (300,300,300,'637514160','2013-10-05',300),
  (301,301,301,'619943472','2013-10-12',301),
  (302,302,302,'637525716','2013-10-19',302),
  (303,303,303,'619888106','2013-10-26',303),
  (304,304,304,'619889993','2013-11-02',304),
  (305,305,305,'898092744','2013-11-09',305),
  (306,306,306,'619892393','2013-11-16',306),
  (307,307,307,'619893170','2013-11-23',307),
  (308,308,308,'619894957','2013-11-30',308),
  (309,309,309,'619895634','2013-12-07',309),
  (310,310,310,'619898085','2013-12-14',310),
  (311,311,311,'619900435','2013-12-21',311),
  (312,312,312,'619902009','2013-12-28',312),
  (313,313,313,'619908791','2014-01-04',313),
  (314,314,314,'890985575','2014-01-11',314),
  (315,315,315,'619911191','2014-01-18',315),
  (316,316,316,'619912978','2014-01-25',316),
  (317,317,317,'619946713','2014-02-01',317),
  (318,318,318,'667927879','2014-02-08',318),
  (319,319,319,'619951787','2014-02-15',319),
  (320,320,320,'619952564','2014-02-22',320),
  (321,321,321,'619954128','2014-03-01',321),
  (322,322,322,'619956692','2014-03-08',322),
  (323,323,323,'620107354','2014-03-15',323),
  (324,324,324,'620109918','2014-03-22',324),
  (325,325,325,'620114982','2014-03-29',325),
  (326,326,326,'620115669','2014-04-05',326),
  (327,327,327,'620116446','2014-04-12',327),
  (328,328,328,'620122297','2014-04-19',328),
  (329,329,329,'620124851','2014-04-26',329),
  (330,330,330,'620125538','2014-05-03',330),
  (331,331,331,'620141258','2014-05-10',331),
  (332,332,332,'620142035','2014-05-17',332),
  (333,333,333,'898103286','2014-05-24',333),
  (334,334,334,'620143812','2014-05-31',334),
  (335,335,335,'620144609','2014-06-07',335),
  (336,336,336,'888458779','2014-06-14',336),
  (337,337,337,'620146163','2014-06-21',337),
  (338,338,338,'898179959','2014-06-28',338),
  (339,339,339,'620156032','2014-07-05',339),
  (340,340,340,'619970748','2014-07-12',340),
  (341,341,341,'619971525','2014-07-19',341),
  (342,342,342,'887796133','2014-07-26',342),
  (343,343,343,'619973199','2014-08-02',343),
  (344,344,344,'879251788','2014-08-09',344),
  (345,345,345,'879252565','2014-08-16',345),
  (346,346,346,'619976430','2014-08-23',346),
  (347,347,347,'619978004','2014-08-30',347),
  (348,348,348,'619979881','2014-09-06',348),
  (349,349,349,'620003469','2014-09-13',349),
  (350,350,350,'898123385','2014-09-20',350),
  (351,351,351,'898123379','2014-09-27',351),
  (352,352,352,'620004246','2014-10-04',352),
  (353,353,353,'620007597','2014-10-11',353),
  (354,354,354,'620008374','2014-10-18',354),
  (355,355,355,'620010997','2014-10-25',355),
  (356,356,356,'620129766','2014-11-01',356),
  (357,357,357,'620130502','2014-11-08',357),
  (358,358,358,'620133943','2014-11-15',358),
  (359,359,359,'620139635','2014-11-22',359),
  (360,360,360,'620163660','2014-11-29',360),
  (361,361,361,'620167798','2014-12-06',361),
  (362,362,362,'620176880','2014-12-13',362),
  (363,363,363,'620177667','2014-12-20',363),
  (364,364,364,'620178444','2014-12-27',364),
  (365,365,365,'620181844','2015-01-03',365),
  (366,366,366,'898088320','2015-01-10',366),
  (367,367,367,'620183408','2015-01-17',367),
  (368,368,368,'620184295','2015-01-24',368),
  (369,369,369,'620678369','2015-01-31',369),
  (370,370,370,'620679146','2015-02-07',370),
  (371,371,371,'620680982','2015-02-14',371),
  (372,372,372,'620683323','2015-02-21',372),
  (373,373,373,'636736147','2015-02-28',373),
  (374,374,374,'898136577','2015-03-07',374),
  (375,375,375,'620738530','2015-03-14',375),
  (376,376,376,'620741930','2015-03-21',376),
  (377,377,377,'620745068','2015-03-28',377),
  (378,378,378,'898119449','2015-04-04',378),
  (379,379,379,'620750022','2015-04-11',379),
  (380,380,380,'620753473','2015-04-18',380),
  (381,381,381,'620755937','2015-04-25',381),
  (382,382,382,'873902115','2015-05-02',382),
  (383,383,383,'620764129','2015-05-09',383),
  (384,384,384,'620768257','2015-05-16',384),
  (385,385,385,'620770870','2015-05-23',385),
  (386,386,386,'620774008','2015-05-30',386),
  (387,387,387,'621934995','2015-06-06',387),
  (388,388,388,'621936459','2015-06-13',388),
  (389,389,389,'898163149','2015-06-20',389),
  (390,390,390,'621937236','2015-06-27',390),
  (391,391,391,'621938013','2015-07-04',391),
  (392,392,392,'621972917','2015-07-11',392),
  (393,393,393,'636304808','2015-07-18',393),
  (394,394,394,'620759165','2015-07-25',394),
  (395,395,395,'622048778','2015-08-01',395),
  (396,396,396,'898171367','2015-08-08',396),
  (397,397,397,'622053732','2015-08-15',397),
  (398,398,398,'622055206','2015-08-22',398),
  (399,399,399,'622056083','2015-08-29',399),
  (400,400,400,'623448885','2015-09-05',400);
COMMIT;

#
# Data for the `persona` table  (LIMIT 0,500)
#

INSERT INTO `persona` (`ID_PERSONA`, `NOMBRE`, `TELEFONO`) VALUES
  (1,'SISTEMA DE BOMBEO  EMBALSE','3206885670'),
  (2,'CONCEJO REGIONAL INDIGENA DEL CAUCA  .','8240343'),
  (3,'COMFACAUCA','-'),
  (4,'CARTON COLOMBIA','8248355'),
  (5,'ESTACION DE SERV.RIO BLANC','8245018'),
  (6,'ALMACAFE','8247142'),
  (7,'EDIFICIO TRIBUNALES JUDICIALES','8393141'),
  (8,'PROYECTO PLANTA ASFALTO PARQUE IND.POPAYAN','8248354'),
  (9,'ALCANOS DE COLOMBIA S.A.  -','8204336'),
  (10,'PREDELCA S.A.S CONCRETOS PREME','8245068'),
  (11,'JOSE ULISES  HERNANDEZ','3003700850'),
  (12,'METALICAS E INGENIERIA S.A.  MEISA','3851442'),
  (13,'CONSTRUCTORA Y COMERCIALIZADORA  PARQUE CEMENTERIO JARDINES DE PAZ','3148908181'),
  (14,'CLINICA RENAL STR DEL CAUCA','8393990'),
  (15,'INSTITUTO   TORIBIO MAYA','8247449'),
  (16,'PALACIO NACIONAL','8206655'),
  (17,'ACUEDUCTO PALACE','3117013502'),
  (18,'COOPERATIVA DEL DEPARTAMENTO DEL CAUCA','8241414'),
  (19,'BANCO POPULAR','-'),
  (20,'ALCALDIA MUNICIPAL  .','-'),
  (21,'BANCO BOGOTA','8323220'),
  (22,'DEPARTAMENTAL GOBERNACION','8206624'),
  (23,'UNION TEMPORAL EMTE-IRADIO U.T  -','3017576992'),
  (24,'UNIVERSIDAD  DEL CAUCA','3016485481'),
  (25,'COTOLENGO DEL PADRE ALEGRE','8246564'),
  (26,'COLOMBIA TELECOMUNICACIONES  S.A E.S.P','3012970353'),
  (27,'HOSPITAL BELLO HORIZONTE','8333000'),
  (28,'ACUEDUCTO EL TABLAZO N-2 PO','8321000'),
  (29,'UNIVERSIDAD ANTONIO NARINO','8326147'),
  (30,'UNIVERSIDAD ANTONIO NARINO','8326147'),
  (31,'DIAGNOSTICENTRO AUTOMOTOR CAUC','8390506'),
  (32,'MINISTERIO DE TRANSPORTE','8239629'),
  (33,'ARQUID.DE POPAYAN','8241710'),
  (34,'COLEGIO SAN FRANCISCO DE ASIS','8328205'),
  (35,'METALTEC','3006120187'),
  (36,'JORGE HUMBERTO RESTREPO','3156117224'),
  (37,'INST.EDUAC. GABRIELA  MISTRAL SEDE PPAL','8233099'),
  (38,'ESCUE. SUPERIOR.ADM. PUB.ESAP','3162857734'),
  (39,'AUTOCONSUMOS  EMPRESA','-'),
  (40,'NESTOR ALEXANDER MORALES RIVER','-'),
  (41,'CONEXPE  S.A','8201911'),
  (42,'MARIO HERNANDO ORDONEZ','8243277'),
  (43,'LUIS EDUARDO GUERRERO PARDO','3123429125'),
  (44,'LADRILLERA LA ERMITA YANACONAS','8239856'),
  (45,'COLOMBIA TELECOMUNICACIONES  S.A E.S.P','3012970353'),
  (46,'ACUEDUCTO Y ALCAN. TULCAN','8333420'),
  (47,'CENTRO DE INVESTIGACIONES','8209800'),
  (48,'COOMEVA','8240319'),
  (49,'LAS VILLAS','8368012'),
  (50,'AUTOCONSUMOS  EMPRESA','-'),
  (51,'COMSALUD','240509'),
  (52,'EL SENA','8240390'),
  (53,'FACULTAD DE HUMANIDADES','8209900'),
  (54,'BANCO DE LA REPUBLICA','3122261408'),
  (55,'UNIVERSIDAD COLEGIO MAYOR','8241109'),
  (56,'CAMARA DE COMERCIO DEL CAUCA','3218313618'),
  (57,'BANCO GANADERO  - BBVA','8243522'),
  (58,'TEATRO  MINICIPAL GULLERMO VALENCIA','8241106'),
  (59,'PLANTA CAUCATEL','8218000'),
  (60,'LA VINA','8240602'),
  (61,'HOTEL DANN MONASTERIO','8242191'),
  (62,'HOTEL LA PLAZUELA','3155592498'),
  (63,'INSTITUTO SEGURO SOCIAL  POPAYAN','3206752475'),
  (64,'INSTITUTO DON BOSCO','8223742'),
  (65,'LICEO ALEJANDRO H.','8205140'),
  (66,'INST. TECNICO INDUSTRIAL','8239586'),
  (67,'EDITORIAL EL LIBERAL S.A','8242418'),
  (68,'EDITORIAL EL LIBERAL S.A','8242418'),
  (69,'EDIFICIO EL ARIETE','8240078'),
  (70,'GAONA BUENAVENTURA','3116492935'),
  (71,'EMPRESA SOCIAL DEL ESTADO POPAYÁN E.S.E  E.S.E','3162965881'),
  (72,'COOTRADISCA','8202305'),
  (73,'ESTADIO CIRO LOPEZ N 2','3207408702'),
  (74,'LIGA CAUCANA DE BASKETBALL  -','8243886'),
  (75,'HOSPITALIZACION CLINICA LA ESTANCIA  --','8331000 EXT 1503'),
  (76,'CLINICA LA ESTANCIA UCI-PEDIATRIA','8237103'),
  (77,'HOSPITALIZACION CLINICA LA ESTANCIA  --','8331000 EXT 1503'),
  (78,'EDFICIO EDGAR NEGRET DUEÑAS','8202632'),
  (79,'COMFACAUCA BIBLIOTECA','8206860'),
  (80,'SALUD COOP  --','3017576992'),
  (81,'JOSE SILVIO URBANO LOPEZ','-'),
  (82,'BATALLON JOSE HILARIO LOPEZ','3165637570'),
  (83,'BATALLON .J.H.LOPEZ','3112529230'),
  (84,'COMSALUD','3216040715'),
  (85,'BOMBA SOTARA','8234987'),
  (86,'CONSEJO SUP JUDICATURA','8206655'),
  (87,'CABLE  CAUCA    S.A  --','8243507-8206161'),
  (88,'COLEGIO INEM','3165302292'),
  (89,'ESTACION DE SERVICIO EL ALJIBE','8398125'),
  (90,'ESTACIÓN DE SERVICIO EL ALJIBE GAS NATURAL','3183509964'),
  (91,'MISIONERAS MADRE LAURA','3105309318'),
  (92,'AGRICCA  SA','8234727'),
  (93,'MONICA SANCHEZ','8325245'),
  (94,'GOBERNACION DEL CAUCA  -','8208889'),
  (95,'CAUCATEL S.A.ESP. COD:101-5','8314710'),
  (96,'ALEJANDRO  ARIAS PELAEZ','8213228'),
  (97,'UNIVERSIDAD COOPERATIVA','8310000'),
  (98,'TALLER METALMECANICA','3155051337'),
  (99,'ESCUELA ANEXA NORMAL DE S.T','8221489'),
  (100,'CAJA SOCIAL','8240078'),
  (101,'COLOMBIA TELECOMUNICACIONES  S.A E.S.P','3012970353'),
  (102,'JOSE VICENTE ERAZO','3156574180'),
  (103,'TALLER POPULAR Y CIA LTAD.','8305260'),
  (104,'HOSPITAL SUSANA LOPEZ  DE.V','3108284831'),
  (105,'GOBERNACION DEL CAUCA  -','8208889'),
  (106,'ALMACEN EMTEL S.A .S.P  S.A .S.P','8243333'),
  (107,'CENTRO COMERCIAL MUNDO CENTER','-'),
  (108,'BANCO DAVIVIENDA','3122514366'),
  (109,'UNIVERSIDAD COLEGIO MAYOR','8241109'),
  (110,'PROVICTEC','3183504501'),
  (111,'CARCEL DE LA MAGDALENA','3213128633'),
  (112,'BANCO/ESTADO','8317144'),
  (113,'DIAN POPAYAN','3154574122'),
  (114,'LOPEZ CARLOS R.','8242455'),
  (115,'FUNDACION MUNDO  MUJER','8399900'),
  (116,'GUTIERREZ FLOR ELVIA','-'),
  (117,'ISAURA MUÑOZ DE MAGON','-'),
  (118,'MARIA DE JESUS RODRIGUEZ','-'),
  (119,'PALECHOR ROSA','-'),
  (120,'MUNOZ ESPERANZA','-'),
  (121,'DELGADO JESUS','3142714013'),
  (122,'ENRIQUE A. PALTA','3173082967'),
  (123,'SEGUNDO R MOLINA','-'),
  (124,'BLANCA OLIVA     GAVIRIA DE ROMERO','-'),
  (125,'MARTHA LUCIA   CASTILLO GUTIERREZ','8210098'),
  (126,'RICARDO ASTUDILLO CASTILLO','3185930761'),
  (127,'RICARDO ASTUDILLO CASTILLO','3185930761'),
  (128,'FRANCO LIBIO MUNOZ','-'),
  (129,'COLLAZOS LUZ MARINA','-'),
  (130,'ORDONEZ PETRONILA','-'),
  (131,'MARLENE  DIAZ  TOBAR','8210169'),
  (132,'MARTINEZ LEONEL','-'),
  (133,'JIMENEZ HUGO','8395130'),
  (134,'PALECHOR MARIA   C.','-'),
  (135,'PALECHOR FLORENTINA','8225747'),
  (136,'MOLINA DELFINA','-'),
  (137,'MUNOZ TERESA','3155313149'),
  (138,'LUIS ENRIQUE RAMIREZ','-'),
  (139,'LUISA A ROCHA','-'),
  (140,'LUISA AMELIA ROCHA','-'),
  (141,'MARIA ESPERANZA  CORDOBA DE VALLEJO','-'),
  (142,'NOHORA GALEANO','-'),
  (143,'JOSE ALVEIRO AREVALO','3125066663'),
  (144,'LUCY ARGENIS  GARCES LOPEZ','-'),
  (145,'ALVARO LUCEMA','-'),
  (146,'MARIA ESPERANZA   PERAFAN ORDOÑEZ','-'),
  (147,'COMBE MARIA E.','3113075379'),
  (148,'JOSE DOMINGO COBO','8216658'),
  (149,'PAZ ROSA','8215647'),
  (150,'JOSE GILDARDO MUNOZ','-'),
  (151,'PATRICIA  LOPEZ  HERRERA','8211246'),
  (152,'JOSE GILDARDO MUNOZ','-'),
  (153,'LUZ DARY PINO','3104137141'),
  (154,'MARIA ELENA MIRANDA F.','-'),
  (155,'MARIA ELENA MIRANDA F.','-'),
  (156,'JESUS A MEDINA','-'),
  (157,'JESUS A MEDINA','-'),
  (158,'MAURA  LUCIA  CERON','8363292'),
  (159,'SANDOVAL ROSA C.','-'),
  (160,'BERTA AURORA  ASTUDILLO GUTIERREZ','3218400554'),
  (161,'ERVIN CARDENAS','3007873546'),
  (162,'QUINONES CESAR A.','3148215770'),
  (163,'JULIO GARCIA FAJARDO','3204566198'),
  (164,'CALVACHE DEMETRIO','8315691'),
  (165,'GARZON JUAN E.','3143065541/3142714013/3154306936'),
  (166,'DELGADO BERTHA I.','-'),
  (167,'JESUS ORLANDO PERAFAN','-'),
  (168,'AIMER ENRIQUE HOYOS','-'),
  (169,'MOSQUERA IRMA','3117458648'),
  (170,'WILMAN JAVIER BUITRON FERNANDEZ','8398416'),
  (171,'GOMEZ FELIX M.','3116017057'),
  (172,'WILMAN JAVIER BUITRON FERNANDEZ','8398416'),
  (173,'DILMA  MUÑOZ ILES','3127729942'),
  (174,'DILMA  MUÑOZ ILES','3127729942'),
  (175,'ELIZABETH  CALVACHE','-'),
  (176,'NOHEMY  GARCIA CAICEDO','3154423067'),
  (177,'FLORENTINO     LOPEZ ERAZO','3113672405'),
  (178,'LEHMAN MANUEL','8213612'),
  (179,'NOHEMY  GARCIA CAICEDO','3154423067'),
  (180,'NOIMA  BOLAÑOS FERNANDEZ','3137654982'),
  (181,'BLANCA OLIVA     GAVIRIA DE ROMERO','-'),
  (182,'VIVAS JORGE','-'),
  (183,'CASTRILLON JESUS A.','8364475'),
  (184,'LUZ ANGELA  ESTELLA HOYOS','3002376625'),
  (185,'LUIS  MENESES','8212147'),
  (186,'CARLOS HERNAN  GOMEZ BASTIDAS','8211276'),
  (187,'GOMEZ CARLOS H.','8315956'),
  (188,'DORIS DIAZ','-'),
  (189,'DORIS DIAZ','-'),
  (190,'LUIS CARLOS MARTINEZ','-'),
  (191,'JAIR HUMBERTO CERON','-'),
  (192,'GAVILANES CESAR','-'),
  (193,'LUIS ARMANDO DORADO','3217026097'),
  (194,'BRAVO DE TORRES WALDINA','8301708'),
  (195,'MARIA DEL SOCORRO  ALBAN DE FLOR','3105097545'),
  (196,'REALPE DAZA JOSE FREDY','8315680'),
  (197,'RUALES GERARDO','8211727'),
  (198,'FERNANDO  MOSQUERA FERNANDEZ','3202663833'),
  (199,'LUIS FELIPE MARIN','3157038024'),
  (200,'LUZ AIDER  MALDONADO GALLEGO','3136273880'),
  (201,'PACHON ROSENDO','8246640'),
  (202,'MARTIN FERNANDO  ADARME','3103729412'),
  (203,'MARINA PORTILLA','3146336799'),
  (204,'CARLOS M COLLAZOS','8315540'),
  (205,'BERENICE PISSO DE R','8380138'),
  (206,'EDICSON ADRIAN  MOLINA GOLONDRINO','3122656995'),
  (207,'ERICH ARIEL  BOLAÑOS MOLINA','3117925472'),
  (208,'ADAMIAS GUERRERO','8219319'),
  (209,'MIRANDA ANTONIO J.','-'),
  (210,'VIDAL PALTA JUAN JOSE','3183496669'),
  (211,'VIDAL PALTA JUAN JOSE','3102714733'),
  (212,'HOYOS JULIAN EDUARDO','3164525668'),
  (213,'EDNA JOHANA   DULCE RAMOS','3148748374'),
  (214,'ANA LUCIA  LARRAHONDO PINEDA','3218298585'),
  (215,'HIDALGO CECILIA','8214428'),
  (216,'SEGUNDO MAXIMO PANTOJA','-'),
  (217,'FLOR UBEIRA  ZAPATA','3183840185'),
  (218,'LUIS ARY TORRES','385025'),
  (219,'JORGE ARTURO AYALA','-'),
  (220,'MARIA BETTY AYALA','3162783582'),
  (221,'HAROLD A JIMENEZ','-'),
  (222,'FLOR DE MARIA ALEGRIA','3105951215'),
  (223,'UBERNEY MUNOZ','-'),
  (224,'AGUSTIN  MUÑOZ MARTINEZ','3166642989'),
  (225,'TORO LUCY','-'),
  (226,'PEDRAZA GREGORIO','8227879'),
  (227,'VARGAS PEDRO PABLO','3137683642'),
  (228,'OSORIO GONZALO','-'),
  (229,'YANZA LUIS E.','-'),
  (230,'RIVERA JULIO C.','-'),
  (231,'GIRONZA TERESA','-'),
  (232,'MUNOZ VICTOR','-'),
  (233,'UBALDO DE JESUS BASTIDAS R','-'),
  (234,'CLAUDIO  EDUARDO  AGREDA  OJEDA','3136780743'),
  (235,'ISAURA RESTREPO DE B.','-'),
  (236,'VASQUEZ JULIO C.','-'),
  (237,'FRANCISCO JAVIER   REBOLLEDO HURTADO','3116037982'),
  (238,'ROSA AYDEE MENDEZ      E.','8315877'),
  (239,'LUNA CH. FERNANDO','-'),
  (240,'TROCHEZ JULIO','8316004'),
  (241,'CESAR AUGUSTO   TEJADA HURTADO','-'),
  (242,'BLANCA A RUIZ CAJAS','3113941070'),
  (243,'MARTINEZ OFELIA','8212276'),
  (244,'LEON VELASCO PEDRO JOSE','-'),
  (245,'GUATENDAY GUILLERMO','-'),
  (246,'FLETCHER GUILLERMO A.','-'),
  (247,'JULIO CESAR TERAN ROSERO','3174870055'),
  (248,'JULIO CESAR TERAN ROSERO','3174870055'),
  (249,'JULIO CESAR TERAN ROSERO','3174870055'),
  (250,'JULIO CESAR TERAN','-'),
  (251,'JULIO CESAR TERAN','-'),
  (252,'LILIANA MOGOLLON','3113411725'),
  (253,'LEON CERTUCHE ALVARO','8217365'),
  (254,'SANDRA PATRICIA ARTEAGA','8210160'),
  (255,'MARIA LUZ ARMERO','8316897'),
  (256,'SUGEY MILAGROS  MUÑOZ','3206388584'),
  (257,'ROBLES CECILIA','8224177'),
  (258,'PAZ GERARDO','-'),
  (259,'CASTILLO ALVARO','3137308027'),
  (260,'MANTILLA JESUS A.','8227172'),
  (261,'MARIA DEL CARMEN MANTILLA','8362833'),
  (262,'CONCEPCION  SACANAMBOY CAICEDO','8315716'),
  (263,'PARDO RAFAEL','8369590'),
  (264,'PARDO ACOSTA JORGE E.','8227031'),
  (265,'MARIA DEL SOCORRO PARDO MUNOZ','8369590'),
  (266,'MARIA TAUCHA ESPANA','-'),
  (267,'MARIA TAUCHA ESPANA','-'),
  (268,'DELGADO PABLO','-'),
  (269,'CLEMENCIA  MUÑOZ DE ORTEGA','8315532'),
  (270,'LIVIO  EFREN  NAVIA PERAFAN','3104708450'),
  (271,'CECILIA  RAMIREZ LONDOÑO','3137319907'),
  (272,'LUIS FERNANDO  ORDOÑEZ ORDOÑEZ','3117011046'),
  (273,'LUIS FERNANDO  ORDOÑEZ ORDOÑEZ','3117011046'),
  (274,'LUIS FERNANDO  ORDOÑEZ ORDOÑEZ','3117011046'),
  (275,'DELGADO URUBELINA','8223902'),
  (276,'ORLADY ESPERANZA  SACANAMBOY GARCES','8315716'),
  (277,'ELIECER  CALERO TRUJILLO','3174697659'),
  (278,'MERCY JESUS  ROSERO BRAVO','3167270654'),
  (279,'ROSA ROSERO JUANCHA','3122104599'),
  (280,'MARCO CELESTINO  CIFUENTES ROSERO','3103473320'),
  (281,'HAROL FERNEY GALINDEZ MONTENEGRO','3214361811'),
  (282,'BERTILDE     GUSTIN','-'),
  (283,'MARIA E CALDONO M','8315779'),
  (284,'MARCO CELESTINO  CIFUENTES ROSERO','3103473320'),
  (285,'HUGO HERNAN  SALAZAR LOPEZ','8397164'),
  (286,'ALARCON SEGUNDO','3128847916'),
  (287,'MAURA LUDY SALAZAR PARDO','3127493644'),
  (288,'COLOMBIA TELECOMUNICACIONES  S.A E.S.P','3012970353'),
  (289,'MARIA  MINA DE CHAVES','8216860'),
  (290,'MOSQUERA MANUEL M.','-'),
  (291,'JAMES ORLANDO  GUTIERREZ','3002856347'),
  (292,'JAMES ORLANDO  GUTIERREZ','3002856347'),
  (293,'JAMES ORLANDO  GUTIERREZ','3002856347'),
  (294,'JUAN  BOLAÑOS CALDON','8315803'),
  (295,'ROSARIO GALINDEZ','3117595582'),
  (296,'GUSTAVO JIMENEZ CALV','-'),
  (297,'VIDAL CARMEN ROSA','8315751'),
  (298,'RUIZ MANUEL','3164091843'),
  (299,'ALFONSO=  DORADO','-'),
  (300,'MARIA RUBIELA  LOPEZ','8367477'),
  (301,'LUZ AYDA MONDRAGON','-'),
  (302,'MARIA RUBIELA  LOPEZ','8367477'),
  (303,'SALAZAR GUILLERMO A.','3128523752'),
  (304,'ANA LUCIA  ZUÑIGA ORDOÑEZ','3128523752'),
  (305,'ANA LUCIA  ZUÑIGA ORDOÑEZ','3128523752'),
  (306,'PRADO JULIO B.','3163156490'),
  (307,'VIDAL MARCO TULIO','3116040731'),
  (308,'FRANCIA EDILMA VIDAL','3148207809'),
  (309,'ORDONEZ C. YAMIR A.','3154349172'),
  (310,'AUGUSTO     PALTA ALZATE','8315965'),
  (311,'BERTHA L. LOPEZ','8211895'),
  (312,'JOSE EMETERIO','3117241132'),
  (313,'MANQUILLO  PRUDENCIA','3135482777'),
  (314,'GERMAN IDROBO MONTENEGRO','-'),
  (315,'IGGSA MOTOR LTDA','3117086296'),
  (316,'GERMAN IDROBO MONTENEGRO','-'),
  (317,'COOP.INT.RAP.TAMBO','3116304421'),
  (318,'AUTOCENTRO TERPEL LAVADERO','-'),
  (319,'LUCIANO ALZATE RUBIANO','3137977377'),
  (320,'LUIS ALFREDO  PADILLA','8207836'),
  (321,'LUCIANO ALZATE','8226612'),
  (322,'HUGO HERNAN RIVERA LOPEZ','8225626'),
  (323,'CRISTOBAL VALENCIA M','8363223'),
  (324,'FERNANDEZ SALOMON','-'),
  (325,'MAURICIO ALARCON REYES % MARIA FERNANDA','8365445'),
  (326,'MARIA DEL SOCORRO REYES','3105266238'),
  (327,'ANDRADE D. JESUS','8211294'),
  (328,'ALFREDO JESUS  RIASCOS REYES','8301483'),
  (329,'ROSA MARIA QUINONES DE SANCHEZ','3113246250'),
  (330,'ROSA M QUINONES','-'),
  (331,'JULIO  ALBERTO CALVACHE','3137443240'),
  (332,'O. RENJIFO MELBA JUDITH','3147181000'),
  (333,'MELBA JUDITH ORDOÑEZ RENGIFO','3216290160'),
  (334,'ALBA LUCIA  CRUZ ZUÑIGA','3104325836'),
  (335,'HECTOR HERNAN REVELO','3122584811'),
  (336,'TOBAR EDWARD','8399743'),
  (337,'NANEZ BLANCA LIGIA','8315847'),
  (338,'DIRECTV  COLOMBIA LTDA','3002241642'),
  (339,'TAFURT OLEGARIO','3206542669'),
  (340,'LEIBER CARMELO  ANTE PERAFAN','3184111236'),
  (341,'ENRIQUE CASTRO DORAD','8210127'),
  (342,'EUNICE CASTRO','8210727'),
  (343,'BERENICE DEL CARMEN BENAVIDES','3122818006'),
  (344,'BERENICE DEL CARMEN BENAVIDES','8389825'),
  (345,'BERENICE DEL CARMEN BENAVIDES','8389825'),
  (346,'DEIFILIA  TORO DE LARRARTE','8211906'),
  (347,'CASTILLO ANTE TULIA','3216042179'),
  (348,'LUZ ANGELA MEDINA CHAMIZO','3146753214'),
  (349,'CASTILLO ANTE JULIA','3216042179'),
  (350,'JANETH CONSUELO  MOLINA ESPINOSA','-'),
  (351,'JANETH CONSUELO  MOLINA ESPINOSA','-'),
  (352,'ARACELY  SOLARTE DE MUÑOZ','8315527'),
  (353,'RIVERA LUIS G.','8397774'),
  (354,'RAFAEL SANCHEZ TORRES','3206322118'),
  (355,'MARIA DEL SOCORRO  ANAYA','3128079243'),
  (356,'MANUEL MERA','8397774'),
  (357,'DE ORDONEZ MAURA','8216623'),
  (358,'FIGUEROA MARCO T.','-'),
  (359,'RAMOS DANIEL','227902'),
  (360,'SANCHEZ ELIFAR','8315128'),
  (361,'SANCHEZ BLANCA','-'),
  (362,'PRIETO HORACIO','-'),
  (363,'VIDAL JAIME','8315808'),
  (364,'SOLARTE GONZALO','-'),
  (365,'DE GRISALEZ  CARMEN','3117515127-25'),
  (366,'MARIA NELCHI ROSERO','-'),
  (367,'MARIA NELCHI ROSERO','-'),
  (368,'MARIA NELCHI ROSERO','-'),
  (369,'BAUTISTA JESUS A.','3103922128'),
  (370,'EYDER EFREDY  BOLAÑOS HOYOS','-'),
  (371,'EYDER EFREDY  BOLAÑOS HOYOS','-'),
  (372,'LEONOR PACHON','8218009'),
  (373,'LEONOR PACHON','8218009'),
  (374,'MARCELA DEL CARMEN  JARAMILLO LEITON','3173515829'),
  (375,'JEJEN MATEO','3122961962'),
  (376,'ESCOBAR FLOR E.','8369163'),
  (377,'NUNEZ PEDRO PABLO','8315791'),
  (378,'FABIO ALEXANDER  ALVAREZ MORALES','3147250765'),
  (379,'LUIS GUILLERMO LUCERO','3127827698'),
  (380,'DE BASTIDAS RUTH','-'),
  (381,'SEMANATE JESUS A.','8239501'),
  (382,'ZORAIDA  GUERRERO MARTINEZ','3002000234'),
  (383,'ANA RUBELIA  LOPEZ DE ESCOBAR','8315948'),
  (384,'MARIA SEGUNDA MARTINEZ  MARTINEZ','3105234588'),
  (385,'ANA RUTH VELASCO','-'),
  (386,'ROSALBA ARIAS','3136133837'),
  (387,'CASA DE RETIRO ARQUIDIOCESIS','8384535'),
  (388,'RAMIREZ PAULO','-'),
  (389,'DANIEL  SOLIS LOBO','3127173385'),
  (390,'RAMIREZ PAULO','3127173385'),
  (391,'JORGE ELIAS  ORTIZ BELALCAZAR','3146166100'),
  (392,'ROMELIA IDROBO DE FERNANDEZ','-'),
  (393,'LUIS FERNANDO MEDINA','-'),
  (394,'ZORAIDA  GUERRERO MARTINEZ','3002000234'),
  (395,'GUZMAN LUIS','8210507'),
  (396,'MABEL CECILIA  SOLARTE PORTILLO','3154277257'),
  (397,'COOP.INT.RAP.TAMBO','8211022'),
  (398,'COOP INTEGRAL TRAS TAMB','8385827'),
  (399,'ALVAREZ LUIS G.','3116402090'),
  (400,'ASES.DE SEG.E INV.','8384373'),
  (401,'NOMBRE','TELEFONO'),
  (402,'ADMINISTRADOR','1'),
  (403,'PEDRO BRG 1','1'),
  (404,'JUAN BRG 2','2'),
  (405,'GERMAN BRG 3','3');
COMMIT;

#
# Data for the `usuario` table  (LIMIT 0,500)
#

INSERT INTO `usuario` (`ID_USUARIO`, `ID_PERSONA`, `ESTADO`, `USUARIO`, `PASS`, `ULT_SESION`, `TPO_USR`) VALUES
  (1,402,1,'1','c4ca4238a0b923820dcc509a6f75849b',NULL,15),
  (2,403,1,'2','c81e728d9d4c2f636f067f89cc14862c',NULL,16),
  (3,404,1,'3','c81e728d9d4c2f636f067f89cc14862c',NULL,16),
  (4,405,1,'4','c81e728d9d4c2f636f067f89cc14862c',NULL,16);
COMMIT;

#
# Data for the `carga` table  (LIMIT 0,500)
#

INSERT INTO `carga` (`ID_CARGA`, `ID_USUARIO`, `ID_PRODUCTO`, `ESTADO`, `FECHA_CARGA`) VALUES
  (1,2,1,26,'2016-05-29'),
  (2,2,2,26,'2016-05-29'),
  (3,2,3,26,'2016-05-29'),
  (4,2,4,26,'2016-05-29'),
  (5,2,5,24,'2016-05-29'),
  (6,2,6,26,'2016-05-29'),
  (7,2,7,24,'2016-05-29'),
  (8,2,8,24,'2016-05-29'),
  (9,2,9,24,'2016-05-29'),
  (10,2,10,26,'2016-05-29'),
  (11,3,11,24,'2016-05-29'),
  (12,3,12,24,'2016-05-29'),
  (13,3,13,24,'2016-05-29'),
  (14,3,14,24,'2016-05-29'),
  (15,3,15,24,'2016-05-29'),
  (16,3,16,24,'2016-05-29'),
  (17,3,17,24,'2016-05-29'),
  (18,3,18,24,'2016-05-29'),
  (19,3,19,24,'2016-05-29'),
  (20,3,20,24,'2016-05-29'),
  (21,4,21,24,'2016-05-29'),
  (22,4,22,24,'2016-05-29'),
  (23,4,23,24,'2016-05-29'),
  (24,4,24,24,'2016-05-29'),
  (25,4,25,24,'2016-05-29'),
  (26,4,26,24,'2016-05-29'),
  (27,4,27,24,'2016-05-29'),
  (28,4,28,24,'2016-05-29'),
  (29,4,29,24,'2016-05-29'),
  (30,4,30,24,'2016-05-29');
COMMIT;

#
# Data for the `municipio` table  (LIMIT 0,500)
#

INSERT INTO `municipio` (`ID_MUNICIPIO`, `CODIGO`, `NOMBRE`) VALUES
  (1,'19001','POPAYÁN');
COMMIT;

#
# Data for the `localidad` table  (LIMIT 0,500)
#

INSERT INTO `localidad` (`ID_LOCALIDAD`, `ID_MUNICIPIO`, `DIRECCION`, `BARRIO`, `LAT`, `LNG`, `UBICACION`, `CATEGORIA`, `SUB_CATEGORIA`) VALUES
  (1,1,'ALUMB. EXTERNO CASA MAQUINAS','','-76,5216951865','2,44164465037',4,8,30),
  (2,1,'BRR LA ALDEA - 225389653','','-76,5644377133','2,49302282',4,7,7),
  (3,1,'COLEGIO DEL NORTE - 225390499','','-76,5616077195','2,4874419988',4,7,7),
  (4,1,'DIR POPAYAN -225391276','','-76,560789982','2,4861305037',4,8,8),
  (5,1,'DIR RIO BLANCO -225392053','','-76,5478968911','2,5078829987',3,8,8),
  (6,1,'PARQUE INDUSTRIAL POPAYAN -833191005','','-76,5612212631351','2,5031158228709',3,8,8),
  (7,1,'CARRERA 4 CON CALLE 2 ESQUINA','','-76,6034327334','2,44330446787',4,7,7),
  (8,1,'PARQUE INDUSTRIAL POPAYAN -877157805','','-76,558434178','2,5002316864',3,8,30),
  (9,1,'PARQUE COMERCIAL E INDUSTRIAL DEL CAUCA','','-76,5585035831822','2,50006481872581',4,8,30),
  (10,1,'PARQUE INDUSTRIAL MANZ A LOTE 2','','-76,5582487373','2,5007341088',3,8,30),
  (11,1,'PARQUE INDUSTRIAL POPAYAN FRENTE A ALCANOS Y COLGAS','','-76,5585606287','2,501120783',3,8,8),
  (12,1,'PARQUE INDUSTRIAL BODEGA E 13','','-76,5920692843224','2,50290340928542',4,8,30),
  (13,1,'CR 23 CL 44N - 44','','-76,577668554','2,50425048043',3,6,6),
  (14,1,'CRA 7 10N*141','','-76,6013886531','2,4517275585',4,7,7),
  (15,1,'BRR LA PAZ -225407674','','-76,5571915007','2,4798395604',4,7,7),
  (16,1,'CL 3 CR 3 - 31','','-76,60306441','2,44221837681',4,7,7),
  (17,1,'HACIENDA RIO BLANCO','','-76,5375545502','2,4918362433',3,7,7),
  (18,1,'CL 3 CR 8 - 22','','-76,607184659','2,4438104502',4,6,6),
  (19,1,'CL 4 CR 5 - 48','','-76,6051706241','2,4421781006',4,6,6),
  (20,1,'DIR CLL 4 KR 5 Y 6 -556228572','','-76,604285037','2,4261721698',4,7,7),
  (21,1,'CL 4 CR 6 - 44','','-76,6056380097','2,4423287025',4,6,6),
  (22,1,'DIR 1 2ETAP K 7 C 4 ESQ - 553184354','','-76,6063197169','2,4426270266',4,7,7),
  (23,1,'CERRO MUNCHIQUE','','-76,9560994715','2,5173027836',3,8,8),
  (24,1,'LOC SEDE LAS GUACAS','','-76,5503302427','2,4711147254',4,7,7),
  (25,1,'CL 73N CR 8 - 47','','-76,5592619829','2,4848638574',4,7,7),
  (26,1,'DIR CRA 9  LA PAZ','','-76,5618608184','2,4838610989',4,8,8),
  (27,1,'LOC BELLO HORIZONTE','','-76,5636763814','2,48556206909',4,7,7),
  (28,1,'DIR EL TABLAZO (ALTO CAUCA) -225427412','','-76,579485644','2,4760661474',4,7,7),
  (29,1,'DIR ALTO DE CAUCA POPAYAN -225428209','','-76,5830120161','2,4733159045',4,7,7),
  (30,1,'A.A EL TABLAZO - 225429086','','-76,5829835886','2,4772135094',4,7,7),
  (31,1,'CR 50 CL 3 - 145','','-76,6392841607','2,4569315823',4,6,6),
  (32,1,'CRA 9 calle 25N Y 26N - 225431609','','-76,5914516265','2,45708655562',4,7,7),
  (33,1,'CL 5 CR 6 - 7','','-76,6051416993','2,4409133814',4,5,12),
  (34,1,'CL 5 CR 8 - 58','','-76,6081069193','2,4421656985',4,7,7),
  (35,1,'DIR VIA AL BOSQUE - 225433263','','-76,5770563529','2,4826823617',4,8,8),
  (36,1,'DIR HDA JULUMITO POPAYAN - 225441578','','-76,6354099142','2,4811570579',3,8,8),
  (37,1,'CRA 6PUENTE VIEJO DE CAUCA','','-76,5781397625','2,4710080012',4,7,7),
  (38,1,'CRA 5A # 53N-249 VIA COMFA - 225448047','','-76,5731391794','2,4748766112',4,7,7),
  (39,1,'SUBESTACION NORTE','','-76,5735616507','2,47704608353',4,6,6),
  (40,1,'LOC FLORIDA I POPAYAN - 225409238','','-76,573973917','2,47676215206',4,5,10),
  (41,1,'CRA 5   No  52N--21  GUAYACANES DEL RIO - 225451447','','-76,5558797391','2,4660166161',3,8,30),
  (42,1,'CL 8 CR 3 - 57','','-76,6043517412','2,43738624593',4,8,8),
  (43,1,'CALLE 8  No.5-39  CASINO - 596121414','','-76,6063298594','2,4386444132',4,6,6),
  (44,1,'CLL 29N # 2A-10 -225453001','','-76,5824797407','2,45399948926',4,8,8),
  (45,1,'LOC LAS TRES CRUCES :223-2','','-76,5939582757','2,44216826147',3,8,8),
  (46,1,'CLL 2  TULCAN - 225458916','','-76,5995130159','2,4420687103',3,7,7),
  (47,1,'CR 2 CL 1 - 25','','-76,600753337','2,4431182092',4,7,7),
  (48,1,'CL 4 CR 7 - 22','','-76,6066029733','2,44272030509',4,6,6),
  (49,1,'CR 7 CL 3 - 60','','-76,6064506901','2,44268474799',4,6,6),
  (50,1,'SUB ESTACION CENTRO','','-76,5980358012','2,4397552402',4,6,6),
  (51,1,'DIR 4  N 0--55','','-76,6013545105762','2,44009631910352',4,6,6),
  (52,1,'CL 4 CR 2 - 67','','-76,6030969903674','2,44190747689431',4,7,7),
  (53,1,'CR 6 CL 3 - 14','','-76,6056705764','2,4430327693',4,7,7),
  (54,1,'CR 6 CL 2 - 78','','-76,6055278798','2,4432409612',4,7,7),
  (55,1,'CR 5 CL 5 - 40','','-76,6052222628','2,44074025379',4,7,7),
  (56,1,'CL 4 CR 7 - 37','','-76,6068861355','2,44246974695',4,6,6),
  (57,1,'CR 7 CL 5 - 36','','-76,6069374734','2,4412799217',4,8,8),
  (58,1,'CRA 7 CALLE 3','','-76,6059199178','2,44311106731',4,7,7),
  (59,1,'CL 5 CR 36 - 4','','-76,6302406547','2,4521898092',4,6,6),
  (60,1,'CR 8 CL 4 - 3','','-76,6072992679','2,4427492662',4,6,6),
  (61,1,'CL 4 CR 10 - 14','','-76,6088669783','2,44384772782',4,8,8),
  (62,1,'CLL 5 N 8-13','','-76,6078354727','2,44165983848',4,6,6),
  (63,1,'CR 9 CL 8 - 9','','-76,6099435224','2,4389887362',4,7,7),
  (64,1,'FACTURACION.TOTORO ED.025-225494484','','-76,6103866463','2,43431176052',4,7,7),
  (65,1,'FACTURACION.TOTORO ED.025-225495161','','-76,5917149817','2,44990635897',4,7,7),
  (66,1,'DIR POPAYAN -225496948','','-76,5969034054','2,4481448375',4,7,7),
  (67,1,'CRA 3 No 2-60 POPAYAN - 225503203','','-76,6024806431','2,4428815383',4,8,8),
  (68,1,'CRA 3 No 2-60 POPAYAN - 225503203','','-76,6024806431','2,4428815383',4,8,8),
  (69,1,'CL 4 CR 10 - 7','','-76,6092560995','2,44330775615',4,6,6),
  (70,1,'CL 4 CR 16 - 14','','-76,6139153906','2,4451304765',4,6,6),
  (71,1,'CR 14 CL 5E CASA ROSADA','','-76,6133645299057','2,44424629436555',4,7,7),
  (72,1,'CLL 28CN No 6-43 B GALICIA - 225510731','','-76,58645178','2,4593816686',4,6,6),
  (73,1,'DIR POPAYAN -225512305','','-76,5911290339','2,4541112222',4,7,7),
  (74,1,'CL 15N CR 5 - 50','','-76,5979364447','2,450731565',4,7,7),
  (75,1,'CR 4 CL 15N - 52','','-76,5977387529','2,450650057',4,7,7),
  (76,1,'CL 15N CR 2 - 256','','-76,5975048121','2,4509665024',4,7,7),
  (77,1,'CR 4 CL 15N - 52','','-76,5975253296','2,450670001',4,8,8),
  (78,1,'CRA 7 No. 1 N 28','','-76,6052390756','2,4452359244',4,7,7),
  (79,1,'CLL 2 CRA 10 ESQUINA - 225524838','','-76,6085747794','2,445056246',4,6,6),
  (80,1,'CR 9 CL 10N - 94','','-76,6021903655','2,45300754645',4,6,6),
  (81,1,'CL 12 CR 15 - 45','','-76,6030851849','2,45944202214',4,7,7),
  (82,1,'ZON BATALLON  A.A 1092 POP','','-76,6087682084','2,4575359418',4,7,7),
  (83,1,'DIR POPAYAN -225533920','','-76,6069972243','2,45806148274',4,7,7),
  (84,1,'CR 9 CL 17N - 38','','-76,597800142','2,4548732601',4,7,7),
  (85,1,'CRA 9N CALLE 6','','-76,6060429798266','2,45252727394887',4,6,6),
  (86,1,'CL 8 CR 10 - 0','','-76,6113905766','2,44039998636',4,7,7),
  (87,1,'CRA 11A No. 9-28 BENITO JUAREZ - 225546140','','-76,6124337149','2,4398396749',4,8,8),
  (88,1,'AVE PANAMERICANA CAL 17','','-76,6101288869','2,4488639894',4,7,7),
  (89,1,'CRA 9 CALLE 11 TRANS 9 KRA 11','','-76,6088159691','2,4495327188',4,6,6),
  (90,1,'CR 11 CL 4N - 78','','-76,6088129888','2,44964975513',4,6,6),
  (91,1,'CR 17 CL 1N - 84','','-76,6136541036','2,4467400638',4,7,7),
  (92,1,'CL 1N CR 11 - 60','','-76,609958793','2,446991961',4,6,6),
  (93,1,'CLL 3  NO. 11-18 POPAYAN - 225557806','','-76,6101032878','2,4449301807',4,8,8),
  (94,1,'CL 5 CR 15 - 57','','-76,6138797273','2,44435984702',4,7,7),
  (95,1,'CRA 18 cll 6 Esquina - 225559460','','-76,6155790777','2,4441091669',4,7,7),
  (96,1,'CR 17 CL 5A - 25','','-76,6147431582','2,4435300984',4,6,6),
  (97,1,'CRA 17 No. 831','','-76,6151665392','2,441106642',4,6,30),
  (98,1,'CR 17 CL 8 - 57','','-76,6152295337','2,4408896657',4,6,6),
  (99,1,'BRR LA LADERA A.A.533','','-76,6157355196','2,43365526628',4,7,7),
  (100,1,'CR 17 CL 7B - 6','','-76,6153100396','2,4420924402',4,6,6),
  (101,1,'CLL 12 CRA 14 ESQUINA','','-76,614942917','2,43771539535',4,6,6),
  (102,1,'CL 5 CR 29 - 65','','-76,6253772612','2,4499544825',4,8,8),
  (103,1,'CL 5 CR 29 - 90','','-76,625503032','2,4504247351',4,8,8),
  (104,1,'BRR LA LADERA - 225577644','','-76,6186367938','2,43691674125',4,8,8),
  (105,1,'CRA 9 CLL 18 LABORT DE SALUD PUBLICA - 225591700','','-76,6120046687','2,4325597348',4,7,7),
  (106,1,'CRA 10 A  CLL 13 ESQUINA','','-76,6123096022','2,4349471823',4,6,6),
  (107,1,'CR 6 CL 6 - 9','','-76,6060230183','2,4403076603',4,6,6),
  (108,1,'CR 6 CL 5 - 18','','-76,6064836826683','2,4416690533127',4,6,6),
  (109,1,'CR 7 CL 2 - 41','','-76,6056824839','2,44375409798',4,7,7),
  (110,1,'CR 7 CL 6 - 40','','-76,607263731','2,4404166189',4,6,6),
  (111,1,'CR 3 CL 16 - 11','','-76,6060527152','2,4325305091',4,7,7),
  (112,1,'CR 7 CL 6 - 61','','-76,6072204409','2,4402602443',4,6,6),
  (113,1,'CR 8 CL 1 - 52','','-76,6068227971','2,44481791475',4,7,7),
  (114,1,'CR 8 CL 6 - 73','','-76,6080826344','2,4406313055',4,8,8),
  (115,1,'CR 11 CL 5 - 70','','-76,6121359819','2,4429503911',4,6,6),
  (116,1,'CL 1 CR 17A - 8','','-76,6145259848','2,44746397501',4,5,10),
  (117,1,'CL 1 CR 17A - 30','','-76,6143909582','2,4478888231',4,5,10),
  (118,1,'CL 1 CR 17A - 20','','-76,6144898502','2,4479159877',4,5,11),
  (119,1,'CL 1 CR 18 - 14','','-76,614444899','2,4478978827',4,5,10),
  (120,1,'CL 1 CR 18 - 30','','-76,6147865156','2,4480336466',4,5,10),
  (121,1,'CL 1 CR 18 - 38','','-76,6148854076','2,4480608112',4,5,11),
  (122,1,'CL 1 CR 18 - 35','','-76,6149604839','2,44805986109',4,5,10),
  (123,1,'CL 1 CR 18 - 60','','-76,6149483397','2,4480698779',4,5,10),
  (124,1,'CL 1 CR 18 - 41 PISO 2','','-76,6150113179','2,4479523442',4,5,11),
  (125,1,'CL 1 CR 18 - 59','','-76,6151102028','2,4479885432',4,5,11),
  (126,1,'CL 1 CR 18 - 67 APTO 1','','-76,6151181769','2,4480026325',4,5,11),
  (127,1,'CL 1 CR 18 - 65 APTO 2 PANDIGUANDO','','-76,6153710025','2,4478440914',4,5,11),
  (128,1,'CL 1 CR 18 - 70','','-76,6149932909','2,4480879829',4,5,10),
  (129,1,'CL 1 CR 18 - 84','','-76,6150022679','2,4481060682',4,5,10),
  (130,1,'CL 1 CR 18 - 102','','-76,6152899545','2,4481966071',4,5,10),
  (131,1,'CL 1BIS CR 17A - 37','','-76,6144629332','2,4477532004',4,5,10),
  (132,1,'CL 1A CR 17A - 18','','-76,6145259848','2,44746397501',4,5,11),
  (133,1,'CL 1 CR 17A - 34','','-76,614543791','2,4479250473',4,5,11),
  (134,1,'CL 1 CR 18 - 26','','-76,6146606621','2,4479793479',4,5,11),
  (135,1,'CL 1 CR 17A - 44','','-76,6145887369','2,4479612394',4,5,11),
  (136,1,'CL 1 CR 18 - 50','','-76,6149213657','2,4480698745',4,5,11),
  (137,1,'CL 1A CR 18 - 12','','-76,6146876289','2,4479883949',4,5,11),
  (138,1,'CL 1 CR 18 - 4','','-76,6147416141','2,4478618105',4,5,11),
  (139,1,'CL 1 CR 18 - 9 P 2','','-76,6153550780088','2,44783576665968',4,5,11),
  (140,1,'CL 1 CR 18 - 7 P 1','','-76,6148405079','2,4478980186',4,5,11),
  (141,1,'CL 1 CR 18 - 90','','-76,6150472264','2,4481151296',4,5,10),
  (142,1,'DIR C 1 18-69 APTO - 620059616','','-76,6153259588','2,4480790518',4,5,10),
  (143,1,'CL 1 CR 18 - 85','','-76,6153978821','2,4480881258',4,5,9),
  (144,1,'CL 1 CR 18 - 99','','-76,6154248642','2,4482600287',4,5,10),
  (145,1,'CL 1 CR 18 - 91','','-76,6153710025','2,4478440914',4,5,11),
  (146,1,'CL 1 CR 18 - 94','','-76,6150921758','2,448124191',4,5,10),
  (147,1,'CL 1 CR 18 - 82','','-76,6153528794','2,4482147084',4,5,10),
  (148,1,'CALLE 1 NO.0-13','','-76,6154886248','2,4482852282',4,5,10),
  (149,1,'CL 1 CR 18 - 34','','-76,6148224737','2,4480427099',4,5,10),
  (150,1,'CL 1A CR 21 - 11','','-76,6168633216','2,4483508905',4,5,11),
  (151,1,'CL 1 CR 21 - 27','','-76,6168902779','2,4483961116',4,5,11),
  (152,1,'CL 1A CR 21A - 11 PISO 2','','-76,6168633216','2,4483508905',4,5,11),
  (153,1,'CL 1A CR 20B - 65','','-76,6165137613','2,44803139053',4,5,10),
  (154,1,'CL 1 CR 20B - 89','','-76,6168094021','2,4482694827',4,5,11),
  (155,1,'CL 1 CR 20B - 89 PISO 1','','-76,6165137613','2,44803139053',4,5,11),
  (156,1,'CR 21A CL 1A - 18','','-76,6168543409','2,4483147092',4,5,11),
  (157,1,'CR 21A CL 1A - 18 PISO 2','','-76,6165137613','2,44803139053',4,5,11),
  (158,1,'CL 1A CR 20B - 43','','-76,6168094552','2,4481338297',4,5,11),
  (159,1,'CL 1A CR 18 - 78','','-76,6149663151','2,4480789268',4,5,10),
  (160,1,'CL 2 CR 17 - 21','','-76,6140405534','2,4472014137',4,5,11),
  (161,1,'CL 2 CR 17 - 9 LOC 2','','-76,6139506741','2,4471019079',4,6,6),
  (162,1,'CL 2A CR 17 - 26','','-76,6143554096','2,4467041443',4,5,11),
  (163,1,'CL 2 CR 17 - 33','','-76,6142113562','2,447264774',4,5,11),
  (164,1,'CL 2 CR 17A - 12','','-76,6145259525','2,4475271351',4,5,11),
  (165,1,'CL 1 CR 18 - 49','','-76,6149033902','2,4480608165',4,5,10),
  (166,1,'CL 1 CR 18 - 98','','-76,6152000538','2,4481694408',4,5,10),
  (167,1,'CL 1 CR 18 - 112','','-76,6154158204','2,4482237751',4,5,10),
  (168,1,'CRA 19 # 0-11','','-76,6154427376','2,4483865623',4,5,10),
  (169,1,'CL 2 CR 17A - 15','','-76,6144630702','2,4473643371',4,5,11),
  (170,1,'CL 2 CR 17A - 18','','-76,6145619034','2,447545242',4,5,11),
  (171,1,'CL 2 CR 17A - 24','','-76,6146338214','2,447572394',4,5,11),
  (172,1,'CL 2 CR 17A - 18 PISO 2','','-76,6145259848','2,44746397501',4,5,11),
  (173,1,'CL 2 CR 17A - 33','','-76,6146158922','2,44743673553',4,5,11),
  (174,1,'CL 2 CR 17A - 33','','-76,6146158922','2,44743673553',4,5,11),
  (175,1,'CR 18 CL 2 - 7','','-76,6152207163275','2,44775945228545',4,5,11),
  (176,1,'CL 2 CR 18 - 25 PISO 2','','-76,6151820118277','2,44786188605006',4,5,11),
  (177,1,'CL 2 CR 18 - 8','','-76,614822614','2,447626716',4,5,11),
  (178,1,'CL 2 CR 18 - 15','','-76,6148945802','2,4475363111',4,5,11),
  (179,1,'CL 2 CR 18 - 25','','-76,6152620149861','2,44772859989971',4,5,11),
  (180,1,'CL 2 CR 18 - 33 APTO 101','','-76,6151134522','2,44763113875',4,5,11),
  (181,1,'CL 2 CR 18 - 34','','-76,6152493262221','2,44778194456251',4,5,11),
  (182,1,'CL 2 CR 18A - 5','','-76,6152182103','2,4476539824',4,5,11),
  (183,1,'CL 2 CR 18A - 10','','-76,6152810999','2,4478077458',4,5,11),
  (184,1,'CL 2 CR 18A - 15','','-76,6153530551','2,4477082883',4,5,11),
  (185,1,'CL 2 CR 18A - 22','','-76,6154596226','2,4477929514',4,5,11),
  (186,1,'CL 2 CR 18A - 28','','-76,6154788873','2,4478349443',4,5,11),
  (187,1,'CL 2 CR 18A - 28 PISO 2','','-76,6153710025','2,4478440914',4,5,11),
  (188,1,'CL 2 CR 19 - 23','','-76,6155244508309','2,44780199450227',4,5,11),
  (189,1,'CL 2 CR 19 - 23 ALTOS','','-76,615874496','2,4478350798',4,5,11),
  (190,1,'CL 2 CR 18A - 33','','-76,6155238882','2,4476993091',4,5,11),
  (191,1,'CL 2 CR 20 - 4','','-76,616072418','2,4474643807',4,5,11),
  (192,1,'CR 2 CL 20 - 10','','-76,6160634179','2,4475095911',4,5,11),
  (193,1,'CL 2 CR 20 - 11','','-76,6161893209','2,4474101587',4,5,10),
  (194,1,'CL 2 CR 20 - 16','','-76,6160814973','2,4474101899',4,5,11),
  (195,1,'CL 2 CR 20 - 17','','-76,6162072823','2,4474825123',4,5,10),
  (196,1,'CL 2 CR 20A - 27','','-76,6165308221','2,4478624367',4,5,11),
  (197,1,'CL 2 CR 20B - 6','','-76,6170612877','2,447889756',4,5,11),
  (198,1,'CLL 2 20B-09 APTO - 619874109','','-76,6178455741595','2,44804220528609',4,5,11),
  (199,1,'CL 2 CR 20B - 12','','-76,6184476932','2,44807052672',4,5,11),
  (200,1,'CL 2 CR 20B - 18','','-76,6182388461','2,4486497918',4,5,11),
  (201,1,'CL 2 CR 20B - 24','','-76,6182748324','2,4485774632',4,5,11),
  (202,1,'CL 2 CR 21 - 6','','-76,6172816596','2,4483954378',4,5,11),
  (203,1,'CL 2 CR 21 - 12','','-76,6172708088','2,4483669368',4,5,10),
  (204,1,'CL 2 CR 21 - 23','','-76,6173496339','2,4483280806',4,5,11),
  (205,1,'CL 2 CR 21 - 24','','-76,6179871937','2,4483693683',4,5,10),
  (206,1,'CL 1 CR 18 - 60 APTO 2 PANDIGUANDO','','-76,6150459709','2,4480653645',4,5,10),
  (207,1,'CL 1 CR 18 - 60 APTO 3 PANDIGUANDO','','-76,6150406085','2,4480698928',4,5,10),
  (208,1,'CL 2 CR 21 - 36','','-76,6173307741','2,4485861786',4,5,10),
  (209,1,'CL 2 CR 21 - 42','','-76,6173487337','2,4486494795',4,5,10),
  (210,1,'CL 2 CR 21A - 6 AP1','','-76,6186763858849','2,44946607151789',4,5,11),
  (211,1,'CL 2 CR 21A - 8 AP4AL','','-76,6186763858849','2,44946607151789',4,5,11),
  (212,1,'CL 2 CR 21A - 8 APTO 3','','-76,6180588637','2,44915629386',4,5,11),
  (213,1,'DIR Calle 2 No.21A-10 Ap 2  R - 620280824','','-76,6180512379','2,44909539499',4,5,11),
  (214,1,'CR 2 CL 21A - 23','','-76,6174589827','2,4486849682',4,5,11),
  (215,1,'CL 2 CR 21A - 30','','-76,6174385549','2,4489027249',4,5,11),
  (216,1,'CL 2 CR 21A - 36','','-76,6174655059','2,4489660331',4,5,10),
  (217,1,'CL 2 CR 21B - 11','','-76,6176453355','2,4489389736',4,5,11),
  (218,1,'CL 2 CR 21B - 17','','-76,6176093368','2,4490384328',4,5,11),
  (219,1,'CL 2 CR 21C - 28','','-76,6177349967','2,4496805423',4,5,10),
  (220,1,'CR 21C CL 1 - 62','','-76,6180759919','2,44910365785',4,5,11),
  (221,1,'CL 2 CR 21C - 60','','-76,6176451629','2,4494544366',4,5,11),
  (222,1,'DIR C 2 K 21C - 620039878','','-76,6178428887','2,4496624961',4,5,9),
  (223,1,'CR 21C CL 1 - 66 APTO 02','','-76,6178428887','2,4496624961',4,5,9),
  (224,1,'CL 2 CR 21C - 20','','-76,618004815','2,449409343',4,5,11),
  (225,1,'CL 2 CR 21D - 4','','-76,6180587295','2,4495088377',4,5,11),
  (226,1,'CL 2 CR 21D - 2','','-76,6181487658','2,44914714117',4,5,11),
  (227,1,'CL 2 CR 21D - 8','','-76,6181036455','2,4496173687',4,5,11),
  (228,1,'CL 2 CR 21D - 9','','-76,6181935744','2,4495631431',4,5,9),
  (229,1,'CL 2 CR 21D - 14','','-76,6181216052','2,4496806787',4,5,11),
  (230,1,'CL 2 CR 21D - 15','','-76,6182115341','2,449626453',4,5,11),
  (231,1,'CL 2 CR 21D - 20','','-76,6181485615','2,4497259088',4,5,11),
  (232,1,'CL 2 CR 21D - 21','','-76,618265438','2,4497621218',4,5,11),
  (233,1,'CL 2 CR 21D - 26','','-76,618175502','2,449825391',4,5,11),
  (234,1,'CL 2 CR 21D - 27','','-76,6183013733','2,4498344806',4,5,11),
  (235,1,'CL 2 CR 21D - 32','','-76,618184488','2,4498434762',4,5,9),
  (236,1,'CL 2 CR 21D - 36','','-76,6182204375','2,4498977479',4,5,9),
  (237,1,'CL 2 CR 21D - 54','','-76,6182384078','2,4499248838',4,5,11),
  (238,1,'CL 2A CR 21C - 11','','-76,6188641799','2,4480338831',4,5,11),
  (239,1,'CL 2A CR 21C - 23','','-76,6189191177','2,44875367151',4,5,10),
  (240,1,'CL 2A CR 21C - 29','','-76,6189191177','2,44875367151',4,5,10),
  (241,1,'CL 2A CR 22 - 8','','-76,6189191177','2,44875367151',4,5,11),
  (242,1,'CL 2A CR 22 - 8 PISO2','','-76,6189191177','2,44875367151',4,5,11),
  (243,1,'CL 2A CR 22 - 9','','-76,6189191177','2,44875367151',4,5,11),
  (244,1,'CL 2A CR 22 - 15','','-76,6189191177','2,44875367151',4,5,11),
  (245,1,'CL 2A CR 22 - 21','','-76,6189191177','2,44875367151',4,5,11),
  (246,1,'CL 2A CR 22 - 27','','-76,6189191177','2,44875367151',4,5,11),
  (247,1,'CL 3 CR 17 - 1 LOC 3','','-76,6154298535','2,4463896478',4,6,6),
  (248,1,'CR 17 CL 3 - 8 LOC 1','','-76,6154298535','2,4463896478',4,6,6),
  (249,1,'CR 17 CL 3 - 8 LOC 2','','-76,6154298535','2,4463896478',4,6,6),
  (250,1,'CR 17 CL 3 - 2 APTO 1','','-76,6139166357','2,4468184883',4,5,13),
  (251,1,'CR 17 CL 3 - 2 APTO 2','','-76,6139166357','2,4468184883',4,5,13),
  (252,1,'CL 3 CR 17 - 10 APTO 2','','-76,6154298535','2,4463896478',4,5,11),
  (253,1,'CL 3 CR 17 - 22 1','','-76,6145264564','2,4460621354',4,5,11),
  (254,1,'CL 3 CR 17 - 45','','-76,6147512406','2,4460260419',4,5,11),
  (255,1,'CL 3 CR 17 - 51','','-76,6148051831','2,4460441451',4,5,11),
  (256,1,'CL 3 CR 17A - 22','','-76,6149489673','2,4462431459',4,5,11),
  (257,1,'CL 3 CR 17A - 26','','-76,6150658383','2,4462974466',4,5,11),
  (258,1,'CL 3 CR 18 - 28','','-76,6155693154','2,4463428414',4,5,10),
  (259,1,'CL 3 CR 18A - 3','','-76,6156073077','2,4464288808',4,5,11),
  (260,1,'CL 3 CR 18A - 12','','-76,6155083913','2,44646378203',4,5,11),
  (261,1,'CALLE 3 # 18A-12 LOCAL - 888532906','','-76,6154298535','2,4463896478',4,5,11),
  (262,1,'CL 3 CR 18A - 18','','-76,6157221467','2,4465508113',4,5,11),
  (263,1,'CL 3 CR 18A - 30','','-76,6155836774','2,4457743836',4,5,11),
  (264,1,'CL 3 CR 18A - 38','','-76,6159453539','2,4466018901',4,6,6),
  (265,1,'CL 3 CR 19 - 33','','-76,6162794822','2,4466867296',4,5,11),
  (266,1,'CL 3 CR 19 - 39','','-76,6164682622','2,446768182',4,5,11),
  (267,1,'CL 3 CR 19 - 39','','-76,6163693756','2,4467229395',4,5,11),
  (268,1,'CL 3 CR 19 - 45','','-76,616540182','2,4468043866',4,5,10),
  (269,1,'CL 3 CR 19 - 57','','-76,6166031086','2,4468315404',4,5,10),
  (270,1,'CL 3 CR 19 - 61','','-76,6166660353','2,4468586851',4,5,11),
  (271,1,'CL 3 CR 20 - 26 PISO 2','','-76,617199452','2,44712050875',4,5,11),
  (272,1,'CL 3 CR 20 - 33','','-76,6200775984','2,44396507934',4,5,11),
  (273,1,'CL 3 CR 20 - 33 APTO','','-76,6202013753','2,44407268264',4,5,11),
  (274,1,'CL 3 CR 20 - 33','','-76,6200775984','2,44396507934',4,5,11),
  (275,1,'CL 3 CR 20 - 39','','-76,617199452','2,44712050875',4,5,11),
  (276,1,'CL 3 CR 20 - 51','','-76,6176099531','2,4472659644',4,5,11),
  (277,1,'CL 3 CR 20 - 57','','-76,6176728798','2,447293109',4,5,11),
  (278,1,'CL 3 CR 20 - 63','','-76,6177178238','2,4473202574',4,5,11),
  (279,1,'CL 3 CR 20 - 87','','-76,6174565323','2,4489208173',4,5,11),
  (280,1,'CL 3 CR 20 - 87','','-76,6174745025','2,4489479532',4,5,11),
  (281,1,'CL 3 CR 20 - 89','','-76,6174475587','2,4488756015',4,5,11),
  (282,1,'CL 3 CR 20 - 91 ALTOS','','-76,6179628207','2,44749445499',4,5,11),
  (283,1,'CL 3 CR 20B - 8','','-76,6175559646','2,4473744617',4,5,11),
  (284,1,'CL 3 CR 20B - 20  APT 101','','-76,6175747328','2,44804454611',4,5,11),
  (285,1,'CL 3 CR 20B - 20','','-76,6179628207','2,44749445499',4,5,11),
  (286,1,'CL 3 CR 20B - 26','','-76,6175644032','2,4489751103',4,5,11),
  (287,1,'CALLE DEL COMERCIO','','-76,6287157493','2,75862375975',4,6,6),
  (288,1,'CL 4 CR 19 - 17','','-76,6167561574','2,4462528222',4,8,8),
  (289,1,'CL 3 CR 21 - 13','','-76,6181531929','2,4475989932',4,5,11),
  (290,1,'CL 3 CR 21 - 21','','-76,6181531929','2,4475989932',4,5,10),
  (291,1,'CL 3 CR 21 - 26','','-76,6181492751','2,447645961',4,5,11),
  (292,1,'CL 3 CR 21 - 22 APTO 1','','-76,6181492751','2,447645961',4,5,11),
  (293,1,'CL 3 CR 21 - 22 APTO 2','','-76,6181492751','2,447645961',4,5,11),
  (294,1,'CL 3 CR 21 - 27','','-76,6181531929','2,4475989932',4,5,11),
  (295,1,'CL 3 CR 21 - 39','','-76,6185179041','2,4476641794',4,5,11),
  (296,1,'CL 3 CR 21 - 45','','-76,6185628482','2,4476913277',4,5,11),
  (297,1,'CL 3 CR 21 - 57','','-76,6186707189','2,4477456207',4,5,9),
  (298,1,'CL 3 CR 21 - 63','','-76,6187156773','2,447754682',4,5,11),
  (299,1,'CL 3 CR 21 - 81','','-76,6189044502','2,4478451774',4,5,11),
  (300,1,'CR 21C CL 3 - 5','','-76,6189943861','2,4477819082',4,5,11),
  (301,1,'CL 3 CR 21 - 87','','-76,618967384','2,4478632875',4,5,11),
  (302,1,'CR 21C CL 3 - 5 APTO 101','','-76,6188641799','2,4480338831',4,5,11),
  (303,1,'CL 3 CR 21A - 8','','-76,6181531929','2,4475989932',4,5,11),
  (304,1,'CL 3 CR 21A - 14','','-76,6183740151','2,4477455196',4,5,11),
  (305,1,'CR 21A CL 2 - 134 APTO 2 PANDIGUANDO','','-76,6182227139','2,4477641249',4,5,12),
  (306,1,'CL 3 CR 21A - 26','','-76,6185358427','2,4477998375',4,5,11),
  (307,1,'CL 3 CR 21B - 8','','-76,6186257361','2,4478360382',4,5,11),
  (308,1,'CLL 3 21B-08 APTO - 619894957','','-76,6185987411','2,4479083739',4,5,11),
  (309,1,'CL 3 CR 21B - 14','','-76,6188641799','2,44803388312',4,5,11),
  (310,1,'CL 3 CR 22 - 8','','-76,6193538757','2,4482161031',4,5,11),
  (311,1,'CL 3 CR 22 - 14 PISO 2','','-76,6189937445','2,4496811203',4,5,11),
  (312,1,'CL 3 CR 22 - 26','','-76,6196055844','2,4483337519',4,5,10),
  (313,1,'CL 4 CR 17 - 32','','-76,6149941233','2,4456734389',4,8,30),
  (314,1,'CL 4 CR 17 - 38','','-76,6160711615986','2,44584512762936',4,6,6),
  (315,1,'CL 4 CR 17 - 31','','-76,6155785397','2,4456736448',4,6,6),
  (316,1,'CL 4 CR 17 - 38','','-76,6155836774','2,4457743836',4,5,11),
  (317,1,'CL 4 CR 17 - 49 P 1','','-76,615722363','2,4457550886',4,6,6),
  (318,1,'CL 4 CR 17 - 49 PISO 2','','-76,6157493298','2,4457641357',4,6,6),
  (319,1,'CL 4 CR 17 - 57','','-76,6159291272','2,4458455901',4,6,6),
  (320,1,'CL 4 CR 17 - 62','','-76,6152188808','2,4457277808',4,6,6),
  (321,1,'CL 4 CR 1 - 759','','-76,6159021587','2,4458274905',4,6,6),
  (322,1,'CL 4 CR 17 - 63 PISO 2','','-76,616036996','2,4458908399',4,5,11),
  (323,1,'CL 4 CR 17 - 68','','-76,6155836774','2,4457743836',4,6,6),
  (324,1,'CL 4 CR 17 - 74','','-76,6152818003','2,4457639782',4,5,10),
  (325,1,'CL 4 CR 17 - 96','','-76,6155836774','2,4457743836',4,6,6),
  (326,1,'CLL 4 # 18 - 2 EN EL ALMACEN - 620115669','','-76,6158714129596','2,44581509109817',4,6,6),
  (327,1,'CL 5 CR 18 - 22','','-76,6165044473','2,4461261289',4,6,6),
  (328,1,'CL 4 CR 18 - 34','','-76,6158665247','2,44599903517',4,5,11),
  (329,1,'CL 4 CR 18 - 41','','-76,6166482831','2,4461804419',4,5,11),
  (330,1,'CL 4 CR 18 - 41 LOCAL','','-76,6166033391','2,4461532934',4,6,6),
  (331,1,'CL 4 CR 18 - 56','','-76,6161897468','2,4461893266',4,8,8),
  (332,1,'CL 4 CR 18 - 77','','-76,6169988779','2,4463433431',4,5,11),
  (333,1,'CL 4 CR 18 - 77 LOC 1','','-76,6155836774','2,4457743836',4,6,6),
  (334,1,'CL 4 CR 18 - 83','','-76,6170438219','2,4463704826',4,5,11),
  (335,1,'CL 4 CR 18 - 85','','-76,6170707905','2,4463885821',4,5,11),
  (336,1,'CALLE 4 # 18-87 LOCAL - 888458779','','-76,6155836774','2,4457743836',4,6,6),
  (337,1,'CL 4 CR 18 - 109','','-76,6171517016','2,4464247848',4,5,11),
  (338,1,'CL 4 CR 19 - 17 DIRECTV','','-76,5688518679','2,48591177568',4,6,6),
  (339,1,'CL 4 CR 19 - 26','','-76,6165043746','2,4463431647',4,5,11),
  (340,1,'CL 4 CR 19 - 31','','-76,6155836774','2,4457743836',4,5,11),
  (341,1,'CL 4 CR 19 - 32','','-76,616630235','2,4463884288',4,5,11),
  (342,1,'CALLE 4 # 1A-32 APTO - 887796133','','-76,6175261894683','2,44642038889206',4,5,11),
  (343,1,'DIR Calle  4  No. 19-38 LOCAL - 619973199','','-76,6171329606','2,4466622453',4,6,6),
  (344,1,'CL 4 CR 19 - 38 APTO 1','','-76,6171329606','2,4466622453',4,5,11),
  (345,1,'CL 4 CR 19 - 38 APTO 2','','-76,6178858356906','2,44661512878796',4,5,11),
  (346,1,'CL 4 CR 19 - 41','','-76,6169269618','2,4463252257',4,6,6),
  (347,1,'CL 4 CR 19 - 44 PISO 1','','-76,6167984653513','2,4462982751909',4,5,11),
  (348,1,'CL 4 CR 19 - 49','','-76,617750485619','2,44697203138122',4,5,11),
  (349,1,'CL 4 CR 19 - 44 ALTOS','','-76,616792041','2,4464698777',4,5,11),
  (350,1,'CL 4 CR 19 - 44 APTO 3A','','-76,6179177699384','2,44671484982799',4,5,11),
  (351,1,'CL 4 CR 19 - 44 PISO 1','','-76,6167984653513','2,4462982751909',4,5,11),
  (352,1,'CL 4 CR 19 - 50','','-76,6168819415','2,446497035',4,5,11),
  (353,1,'CL 4 CR 19 - 65','','-76,6170078639','2,4463614283',4,5,11),
  (354,1,'CL 4 CR 19 - 67','','-76,6170528151','2,4463795333',4,5,11),
  (355,1,'CL 4 CR 19 - 74','','-76,6170077966','2,446560377',4,5,11),
  (356,1,'CL 4 CR 19 - 83','','-76,6171697001','2,4463705289',4,6,6),
  (357,1,'CL 4 CR 20 - 3','','-76,6172415949','2,4464609856',4,5,11),
  (358,1,'CL 4 CR 20 - 15','','-76,6173494727','2,4465062442',4,5,12),
  (359,1,'CL 4 CR 20 - 26','','-76,6173673775','2,4467413723',4,6,6),
  (360,1,'CL 4 CR 20 - 28','','-76,6174123197','2,4467594682',4,5,11),
  (361,1,'CL 4 CR 20 - 32 ALTOS','','-76,6180598585','2,44709276863',4,5,10),
  (362,1,'CL 4 CR 20 - 50','','-76,6176550439','2,4468680759',4,5,10),
  (363,1,'CL 4 CR 20 - 56','','-76,6176909967','2,4468952172',4,5,11),
  (364,1,'CL 4 CR 20 - 57','','-76,6177899557','2,446723433',4,5,10),
  (365,1,'CL 4 CR 20 - 68','','-76,6177718988','2,4469314198',4,5,11),
  (366,1,'CL 4 CR 20 - 74 LOC 2','','-76,6178867442','2,447028634',4,6,6),
  (367,1,'CL 4 CR 20 - 74','','-76,6179247206','2,4470038177',4,5,11),
  (368,1,'CL 4 CR 20 - 74','','-76,6178528098','2,4469676223',4,6,6),
  (369,1,'CL 4 CR 20 - 83 ALTOS','','-76,617960753','2,4468048798',4,5,11),
  (370,1,'CL 4 CR 20 - 86','','-76,6180685513','2,4470762175',4,5,11),
  (371,1,'DIR C 4 20 88 LOCAL - 620680982','','-76,6180415898','2,4470490744',4,6,6),
  (372,1,'CL 4 CR 21 - 9','','-76,6186890652','2,44671483601',4,6,6),
  (373,1,'CL 4 CR 21 - 9','','-76,6182124666','2,446904442',4,5,11),
  (374,1,'CL 4 CR 21 - 19','','-76,6188566589','2,44726616977',4,5,11),
  (375,1,'CL 4 CR 21 - 19','','-76,6188566589','2,44726616977',4,5,11),
  (376,1,'CL 4 CR 21 - 21','','-76,6183203392','2,4469677786',4,5,11),
  (377,1,'CL 4 CR 21 - 33','','-76,6183742817','2,4469858906',4,5,11),
  (378,1,'CL 4 CR 21 - 43 PISO 3','','-76,6188566589','2,44726616977',4,5,11),
  (379,1,'CL 4 CR 21 - 50','','-76,6177179653','2,4469133167',4,5,10),
  (380,1,'CL 4 CR 21 - 63','','-76,618590023','2,4470944766',4,5,10),
  (381,1,'CL 4 CR 21 - 68','','-76,618877612','2,4474563115',4,5,11),
  (382,1,'CALLE 4 Nº 21-80 LOCAL - 873902115','','-76,6189854899','2,4475015609',4,6,6),
  (383,1,'CL 4 CR 21 - 83','','-76,6187698154','2,4471940175',4,5,11),
  (384,1,'CL 4 CR 21 - 115','','-76,6188866774','2,4472483176',4,5,11),
  (385,1,'CL 4 CR 21 - 117 LOC 2','','-76,6189046529','2,4472573664',4,6,6),
  (386,1,'CL 4 CR 21C - 20 P 2','','-76,6192282071','2,4476192117',4,5,11),
  (387,1,'CL 4 CR 22 - 14','','-76,6190258278389','2,4473762506689',4,5,11),
  (388,1,'CL 4 CR 22 - 15','','-76,6190574766','2,4473388077',4,5,10),
  (389,1,'CL 4 CR 22 - 19 LOC 1','','-76,6365865189','2,4504334717',4,6,6),
  (390,1,'CL 4 CR 22 - 19','','-76,6191383787','2,4473750101',4,5,10),
  (391,1,'CL 4 CR 22 - 25','','-76,6192192899','2,4474112126',4,5,11),
  (392,1,'CL 4 CR 22 - 77','','-76,6195429163','2,4475560132',4,5,10),
  (393,1,'CL 4 CR 22 - 81 ALTOS','','-76,6196417957','2,447610308',4,5,11),
  (394,1,'CL 4 CR 21 - 80','','-76,6149854654','2,4446967744',4,5,11),
  (395,1,'CL 5 CR 17 - 20','','-76,615290119','2,44527703703',4,6,6),
  (396,1,'CR 17 CL 4 - 20 BURBUJA MOVIL','','-76,6164647981','2,44564005101',4,6,6),
  (397,1,'CL 5 CR 17 - 28','','-76,6162259112','2,4456197573',4,6,6),
  (398,1,'CL 5 CR 17 - 28','','-76,6151797101','2,4452203592',4,6,6),
  (399,1,'CL 5 CR 17 - 58','','-76,6147426096','2,4450041597',4,6,6),
  (400,1,'CL 5 CR 17 - 76','','-76,6153736297','2,4453593135',4,6,6);
COMMIT;

#
# Data for the `ciclo` table  (LIMIT 0,500)
#

INSERT INTO `ciclo` (`ID_CICLO`, `ID_LOCALIDAD`, `CICLO`) VALUES
  (1,1,201),
  (2,2,1),
  (3,3,1),
  (4,4,1),
  (5,5,1),
  (6,6,35),
  (7,7,202),
  (8,8,98),
  (9,9,1),
  (10,10,1),
  (11,11,1),
  (12,12,35),
  (13,13,1),
  (14,14,1),
  (15,15,35),
  (16,16,202),
  (17,17,1),
  (18,18,1),
  (19,19,1),
  (20,20,201),
  (21,21,1),
  (22,22,200),
  (23,23,201),
  (24,24,200),
  (25,25,1),
  (26,26,201),
  (27,27,35),
  (28,28,35),
  (29,29,1),
  (30,30,35),
  (31,31,1),
  (32,32,1),
  (33,33,1),
  (34,34,35),
  (35,35,1),
  (36,36,1),
  (37,37,201),
  (38,38,1),
  (39,39,1),
  (40,40,1),
  (41,41,98),
  (42,42,1),
  (43,43,1),
  (44,44,1),
  (45,45,201),
  (46,46,1),
  (47,47,200),
  (48,48,35),
  (49,49,35),
  (50,50,1),
  (51,51,1),
  (52,52,35),
  (53,53,200),
  (54,54,35),
  (55,55,35),
  (56,56,35),
  (57,57,1),
  (58,58,35),
  (59,59,35),
  (60,60,1),
  (61,61,35),
  (62,62,35),
  (63,63,1),
  (64,64,201),
  (65,65,201),
  (66,66,201),
  (67,67,1),
  (68,68,1),
  (69,69,1),
  (70,70,1),
  (71,71,35),
  (72,72,35),
  (73,73,1),
  (74,74,1),
  (75,75,35),
  (76,76,1),
  (77,77,98),
  (78,78,35),
  (79,79,1),
  (80,80,1),
  (81,81,35),
  (82,82,203),
  (83,83,203),
  (84,84,35),
  (85,85,1),
  (86,86,202),
  (87,87,35),
  (88,88,201),
  (89,89,1),
  (90,90,35),
  (91,91,1),
  (92,92,35),
  (93,93,1),
  (94,94,1),
  (95,95,35),
  (96,96,35),
  (97,97,35),
  (98,98,1),
  (99,99,201),
  (100,100,1),
  (101,101,201),
  (102,102,1),
  (103,103,1),
  (104,104,98),
  (105,105,1),
  (106,106,201),
  (107,107,1),
  (108,108,1),
  (109,109,35),
  (110,110,1),
  (111,111,35),
  (112,112,1),
  (113,113,35),
  (114,114,1),
  (115,115,35),
  (116,116,517),
  (117,117,517),
  (118,118,517),
  (119,119,517),
  (120,120,517),
  (121,121,517),
  (122,122,517),
  (123,123,517),
  (124,124,517),
  (125,125,517),
  (126,126,517),
  (127,127,517),
  (128,128,517),
  (129,129,517),
  (130,130,517),
  (131,131,517),
  (132,132,517),
  (133,133,517),
  (134,134,517),
  (135,135,517),
  (136,136,517),
  (137,137,517),
  (138,138,517),
  (139,139,517),
  (140,140,517),
  (141,141,517),
  (142,142,517),
  (143,143,517),
  (144,144,517),
  (145,145,517),
  (146,146,517),
  (147,147,517),
  (148,148,517),
  (149,149,517),
  (150,150,517),
  (151,151,517),
  (152,152,517),
  (153,153,517),
  (154,154,517),
  (155,155,517),
  (156,156,517),
  (157,157,517),
  (158,158,517),
  (159,159,517),
  (160,160,517),
  (161,161,517),
  (162,162,517),
  (163,163,517),
  (164,164,517),
  (165,165,517),
  (166,166,517),
  (167,167,517),
  (168,168,517),
  (169,169,517),
  (170,170,517),
  (171,171,517),
  (172,172,517),
  (173,173,517),
  (174,174,517),
  (175,175,517),
  (176,176,517),
  (177,177,517),
  (178,178,517),
  (179,179,517),
  (180,180,517),
  (181,181,517),
  (182,182,517),
  (183,183,517),
  (184,184,517),
  (185,185,517),
  (186,186,517),
  (187,187,517),
  (188,188,517),
  (189,189,517),
  (190,190,517),
  (191,191,517),
  (192,192,517),
  (193,193,517),
  (194,194,517),
  (195,195,517),
  (196,196,517),
  (197,197,517),
  (198,198,517),
  (199,199,517),
  (200,200,517),
  (201,201,517),
  (202,202,517),
  (203,203,517),
  (204,204,517),
  (205,205,517),
  (206,206,517),
  (207,207,517),
  (208,208,517),
  (209,209,517),
  (210,210,517),
  (211,211,517),
  (212,212,517),
  (213,213,517),
  (214,214,517),
  (215,215,517),
  (216,216,517),
  (217,217,517),
  (218,218,517),
  (219,219,517),
  (220,220,517),
  (221,221,517),
  (222,222,517),
  (223,223,517),
  (224,224,517),
  (225,225,517),
  (226,226,517),
  (227,227,517),
  (228,228,517),
  (229,229,517),
  (230,230,517),
  (231,231,517),
  (232,232,517),
  (233,233,517),
  (234,234,517),
  (235,235,517),
  (236,236,517),
  (237,237,517),
  (238,238,517),
  (239,239,517),
  (240,240,517),
  (241,241,517),
  (242,242,517),
  (243,243,517),
  (244,244,517),
  (245,245,517),
  (246,246,517),
  (247,247,517),
  (248,248,517),
  (249,249,517),
  (250,250,517),
  (251,251,517),
  (252,252,517),
  (253,253,517),
  (254,254,517),
  (255,255,517),
  (256,256,517),
  (257,257,517),
  (258,258,517),
  (259,259,517),
  (260,260,517),
  (261,261,517),
  (262,262,517),
  (263,263,517),
  (264,264,517),
  (265,265,517),
  (266,266,517),
  (267,267,517),
  (268,268,517),
  (269,269,517),
  (270,270,517),
  (271,271,517),
  (272,272,517),
  (273,273,517),
  (274,274,517),
  (275,275,517),
  (276,276,517),
  (277,277,517),
  (278,278,517),
  (279,279,517),
  (280,280,517),
  (281,281,517),
  (282,282,517),
  (283,283,517),
  (284,284,517),
  (285,285,517),
  (286,286,517),
  (287,287,82),
  (288,288,201),
  (289,289,517),
  (290,290,517),
  (291,291,517),
  (292,292,517),
  (293,293,517),
  (294,294,517),
  (295,295,517),
  (296,296,517),
  (297,297,517),
  (298,298,517),
  (299,299,517),
  (300,300,517),
  (301,301,517),
  (302,302,517),
  (303,303,517),
  (304,304,517),
  (305,305,517),
  (306,306,517),
  (307,307,517),
  (308,308,517),
  (309,309,517),
  (310,310,517),
  (311,311,517),
  (312,312,517),
  (313,313,518),
  (314,314,517),
  (315,315,517),
  (316,316,517),
  (317,317,517),
  (318,318,518),
  (319,319,517),
  (320,320,517),
  (321,321,518),
  (322,322,517),
  (323,323,518),
  (324,324,517),
  (325,325,518),
  (326,326,517),
  (327,327,517),
  (328,328,517),
  (329,329,517),
  (330,330,517),
  (331,331,518),
  (332,332,517),
  (333,333,517),
  (334,334,517),
  (335,335,517),
  (336,336,517),
  (337,337,517),
  (338,338,517),
  (339,339,517),
  (340,340,517),
  (341,341,517),
  (342,342,517),
  (343,343,517),
  (344,344,517),
  (345,345,517),
  (346,346,517),
  (347,347,517),
  (348,348,517),
  (349,349,517),
  (350,350,517),
  (351,351,517),
  (352,352,517),
  (353,353,517),
  (354,354,517),
  (355,355,517),
  (356,356,517),
  (357,357,517),
  (358,358,517),
  (359,359,517),
  (360,360,517),
  (361,361,517),
  (362,362,517),
  (363,363,517),
  (364,364,517),
  (365,365,517),
  (366,366,517),
  (367,367,517),
  (368,368,517),
  (369,369,517),
  (370,370,517),
  (371,371,517),
  (372,372,517),
  (373,373,517),
  (374,374,517),
  (375,375,517),
  (376,376,517),
  (377,377,517),
  (378,378,517),
  (379,379,517),
  (380,380,517),
  (381,381,517),
  (382,382,517),
  (383,383,517),
  (384,384,517),
  (385,385,517),
  (386,386,517),
  (387,387,517),
  (388,388,517),
  (389,389,517),
  (390,390,517),
  (391,391,517),
  (392,392,517),
  (393,393,517),
  (394,394,517),
  (395,395,517),
  (396,396,517),
  (397,397,517),
  (398,398,517),
  (399,399,517),
  (400,400,518);
COMMIT;

#
# Data for the `itinerario` table  (LIMIT 0,500)
#

INSERT INTO `itinerario` (`ID_ITINERARIO`, `ID_CICLO`, `ITINERARIO`) VALUES
  (1,1,'19501001200'),
  (2,2,'19501001200'),
  (3,3,'19501001200'),
  (4,4,'19501001200'),
  (5,5,'19501001200'),
  (6,6,'19501001200'),
  (7,7,'19501001200'),
  (8,8,'19501001200'),
  (9,9,'19501001200'),
  (10,10,'19501001200'),
  (11,11,'19501001200'),
  (12,12,'19501001200'),
  (13,13,'19501001200'),
  (14,14,'19501001200'),
  (15,15,'19501001200'),
  (16,16,'19501002300'),
  (17,17,'19501002300'),
  (18,18,'19501002300'),
  (19,19,'19501002300'),
  (20,20,'19501002300'),
  (21,21,'19501002300'),
  (22,22,'19501002300'),
  (23,23,'19501002300'),
  (24,24,'19501002300'),
  (25,25,'19501003400'),
  (26,26,'19501003400'),
  (27,27,'19501003400'),
  (28,28,'19501003400'),
  (29,29,'19501003400'),
  (30,30,'19501003400'),
  (31,31,'19501003400'),
  (32,32,'19501003400'),
  (33,33,'19501003400'),
  (34,34,'19501003400'),
  (35,35,'19501004500'),
  (36,36,'19501004500'),
  (37,37,'19501005600'),
  (38,38,'19501005600'),
  (39,39,'19501005600'),
  (40,40,'19501005600'),
  (41,41,'19501005600'),
  (42,42,'19501005600'),
  (43,43,'19501005600'),
  (44,44,'19501006700'),
  (45,45,'19501006700'),
  (46,46,'19501006700'),
  (47,47,'19501006700'),
  (48,48,'19501006700'),
  (49,49,'19501006700'),
  (50,50,'19501007800'),
  (51,51,'19501007800'),
  (52,52,'19501007800'),
  (53,53,'19501007800'),
  (54,54,'19501007800'),
  (55,55,'19501007800'),
  (56,56,'19501007800'),
  (57,57,'19501007800'),
  (58,58,'19501007800'),
  (59,59,'19501007800'),
  (60,60,'19501008900'),
  (61,61,'19501008900'),
  (62,62,'19501008900'),
  (63,63,'19501009910'),
  (64,64,'19501009910'),
  (65,65,'19501010920'),
  (66,66,'19501010920'),
  (67,67,'19501010920'),
  (68,68,'19501010920'),
  (69,69,'19501010920'),
  (70,70,'19501010920'),
  (71,71,'19501010920'),
  (72,72,'19501011930'),
  (73,73,'19501011930'),
  (74,74,'19501011930'),
  (75,75,'19501011930'),
  (76,76,'19501011930'),
  (77,77,'19501011930'),
  (78,78,'19501011930'),
  (79,79,'19501011930'),
  (80,80,'19501012940'),
  (81,81,'19501012940'),
  (82,82,'19501012940'),
  (83,83,'19501012940'),
  (84,84,'19501012940'),
  (85,85,'19501012940'),
  (86,86,'19501012940'),
  (87,87,'19501013950'),
  (88,88,'19501013950'),
  (89,89,'19501013950'),
  (90,90,'19501013950'),
  (91,91,'19501013950'),
  (92,92,'19501013950'),
  (93,93,'19501013950'),
  (94,94,'19501013950'),
  (95,95,'19501013950'),
  (96,96,'19501013950'),
  (97,97,'19501013950'),
  (98,98,'19501013950'),
  (99,99,'19501013950'),
  (100,100,'19501013950'),
  (101,101,'19501014960'),
  (102,102,'19501015970'),
  (103,103,'19501015970'),
  (104,104,'19501016980'),
  (105,105,'19501017990'),
  (106,106,'19501017990'),
  (107,107,'19501018100'),
  (108,108,'19501018100'),
  (109,109,'19501019110'),
  (110,110,'19501019110'),
  (111,111,'19501020120'),
  (112,112,'19501020120'),
  (113,113,'19501020120'),
  (114,114,'19501020120'),
  (115,115,'19501023130'),
  (116,116,'19501029140'),
  (117,117,'19501029140'),
  (118,118,'19501029140'),
  (119,119,'19501029140'),
  (120,120,'19501029140'),
  (121,121,'19501029140'),
  (122,122,'19501029140'),
  (123,123,'19501029140'),
  (124,124,'19501029140'),
  (125,125,'19501029140'),
  (126,126,'19501029140'),
  (127,127,'19501029140'),
  (128,128,'19501029140'),
  (129,129,'19501029140'),
  (130,130,'19501029140'),
  (131,131,'19501029140'),
  (132,132,'19501029140'),
  (133,133,'19501029140'),
  (134,134,'19501029140'),
  (135,135,'19501029140'),
  (136,136,'19501029140'),
  (137,137,'19501029140'),
  (138,138,'19501029140'),
  (139,139,'19501029140'),
  (140,140,'19501029140'),
  (141,141,'19501029140'),
  (142,142,'19501029140'),
  (143,143,'19501029140'),
  (144,144,'19501029140'),
  (145,145,'19501029140'),
  (146,146,'19501029140'),
  (147,147,'19501029140'),
  (148,148,'19501029140'),
  (149,149,'19501029140'),
  (150,150,'19501029140'),
  (151,151,'19501029140'),
  (152,152,'19501029140'),
  (153,153,'19501029140'),
  (154,154,'19501029140'),
  (155,155,'19501029140'),
  (156,156,'19501029140'),
  (157,157,'19501029140'),
  (158,158,'19501029140'),
  (159,159,'19501029140'),
  (160,160,'19501029140'),
  (161,161,'19501029140'),
  (162,162,'19501029140'),
  (163,163,'19501029140'),
  (164,164,'19501029140'),
  (165,165,'19501029140'),
  (166,166,'19501029140'),
  (167,167,'19501029140'),
  (168,168,'19501029140'),
  (169,169,'19501029140'),
  (170,170,'19501029140'),
  (171,171,'19501029140'),
  (172,172,'19501029140'),
  (173,173,'19501029140'),
  (174,174,'19501029140'),
  (175,175,'19501029140'),
  (176,176,'19501029140'),
  (177,177,'19501029140'),
  (178,178,'19501029140'),
  (179,179,'19501029140'),
  (180,180,'19501029140'),
  (181,181,'19501029140'),
  (182,182,'19501029140'),
  (183,183,'19501029140'),
  (184,184,'19501029140'),
  (185,185,'19501029140'),
  (186,186,'19501029140'),
  (187,187,'19501029140'),
  (188,188,'19501029140'),
  (189,189,'19501029140'),
  (190,190,'19501029140'),
  (191,191,'19501029140'),
  (192,192,'19501029140'),
  (193,193,'19501029140'),
  (194,194,'19501029140'),
  (195,195,'19501029140'),
  (196,196,'19501029140'),
  (197,197,'19501029140'),
  (198,198,'19501029140'),
  (199,199,'19501029140'),
  (200,200,'19501029140'),
  (201,201,'19501029140'),
  (202,202,'19501029140'),
  (203,203,'19501029140'),
  (204,204,'19501029140'),
  (205,205,'19501029140'),
  (206,206,'19501029140'),
  (207,207,'19501029140'),
  (208,208,'19501029140'),
  (209,209,'19501029140'),
  (210,210,'19501029140'),
  (211,211,'19501029140'),
  (212,212,'19501029140'),
  (213,213,'19501029140'),
  (214,214,'19501029140'),
  (215,215,'19501029140'),
  (216,216,'19501029140'),
  (217,217,'19501029140'),
  (218,218,'19501029140'),
  (219,219,'19501029140'),
  (220,220,'19501029140'),
  (221,221,'19501029140'),
  (222,222,'19501029140'),
  (223,223,'19501029140'),
  (224,224,'19501029140'),
  (225,225,'19501029140'),
  (226,226,'19501029140'),
  (227,227,'19501029140'),
  (228,228,'19501029140'),
  (229,229,'19501029140'),
  (230,230,'19501029140'),
  (231,231,'19501029140'),
  (232,232,'19501029140'),
  (233,233,'19501029140'),
  (234,234,'19501029140'),
  (235,235,'19501029140'),
  (236,236,'19501029140'),
  (237,237,'19501029140'),
  (238,238,'19501029140'),
  (239,239,'19501029140'),
  (240,240,'19501029140'),
  (241,241,'19501029140'),
  (242,242,'19501029140'),
  (243,243,'19501029140'),
  (244,244,'19501029140'),
  (245,245,'19501029140'),
  (246,246,'19501029140'),
  (247,247,'19501029140'),
  (248,248,'19501029140'),
  (249,249,'19501029140'),
  (250,250,'19501029140'),
  (251,251,'19501029140'),
  (252,252,'19501029140'),
  (253,253,'19501029140'),
  (254,254,'19501029140'),
  (255,255,'19501029140'),
  (256,256,'19501029140'),
  (257,257,'19501029140'),
  (258,258,'19501029140'),
  (259,259,'19501029140'),
  (260,260,'19501029140'),
  (261,261,'19501029140'),
  (262,262,'19501029140'),
  (263,263,'19501029140'),
  (264,264,'19501029140'),
  (265,265,'19501029140'),
  (266,266,'19501029140'),
  (267,267,'19501029140'),
  (268,268,'19501029140'),
  (269,269,'19501029140'),
  (270,270,'19501029140'),
  (271,271,'19501029140'),
  (272,272,'19501029140'),
  (273,273,'19501029140'),
  (274,274,'19501029140'),
  (275,275,'19501029140'),
  (276,276,'19501029140'),
  (277,277,'19501029140'),
  (278,278,'19501029140'),
  (279,279,'19501029140'),
  (280,280,'19501029140'),
  (281,281,'19501029140'),
  (282,282,'19501029140'),
  (283,283,'19501029140'),
  (284,284,'19501029140'),
  (285,285,'19501029140'),
  (286,286,'19501029140'),
  (287,287,'19501029140'),
  (288,288,'19501030150'),
  (289,289,'19501030150'),
  (290,290,'19501030150'),
  (291,291,'19501030150'),
  (292,292,'19501030150'),
  (293,293,'19501030150'),
  (294,294,'19501030150'),
  (295,295,'19501030150'),
  (296,296,'19501030150'),
  (297,297,'19501030150'),
  (298,298,'19501030150'),
  (299,299,'19501030150'),
  (300,300,'19501030150'),
  (301,301,'19501030150'),
  (302,302,'19501030150'),
  (303,303,'19501030150'),
  (304,304,'19501030150'),
  (305,305,'19501030150'),
  (306,306,'19501030150'),
  (307,307,'19501030150'),
  (308,308,'19501030150'),
  (309,309,'19501030150'),
  (310,310,'19501030150'),
  (311,311,'19501030150'),
  (312,312,'19501030150'),
  (313,313,'19501030150'),
  (314,314,'19501030150'),
  (315,315,'19501030150'),
  (316,316,'19501030150'),
  (317,317,'19501030150'),
  (318,318,'19501030150'),
  (319,319,'19501030150'),
  (320,320,'19501030150'),
  (321,321,'19501030150'),
  (322,322,'19501030150'),
  (323,323,'19501030150'),
  (324,324,'19501030150'),
  (325,325,'19501030150'),
  (326,326,'19501030150'),
  (327,327,'19501030150'),
  (328,328,'19501030150'),
  (329,329,'19501030150'),
  (330,330,'19501030150'),
  (331,331,'19501030150'),
  (332,332,'19501030150'),
  (333,333,'19501030150'),
  (334,334,'19501030150'),
  (335,335,'19501030150'),
  (336,336,'19501030150'),
  (337,337,'19501030150'),
  (338,338,'19501030150'),
  (339,339,'19501030150'),
  (340,340,'19501030150'),
  (341,341,'19501030150'),
  (342,342,'19501030150'),
  (343,343,'19501030150'),
  (344,344,'19501030150'),
  (345,345,'19501030150'),
  (346,346,'19501030150'),
  (347,347,'19501030150'),
  (348,348,'19501030150'),
  (349,349,'19501030150'),
  (350,350,'19501030150'),
  (351,351,'19501030150'),
  (352,352,'19501030150'),
  (353,353,'19501030150'),
  (354,354,'19501030150'),
  (355,355,'19501030150'),
  (356,356,'19501030150'),
  (357,357,'19501030150'),
  (358,358,'19501030150'),
  (359,359,'19501030150'),
  (360,360,'19501030150'),
  (361,361,'19501030150'),
  (362,362,'19501030150'),
  (363,363,'19501030150'),
  (364,364,'19501030150'),
  (365,365,'19501030150'),
  (366,366,'19501030150'),
  (367,367,'19501030150'),
  (368,368,'19501030150'),
  (369,369,'19501030150'),
  (370,370,'19501030150'),
  (371,371,'19501030150'),
  (372,372,'19501030150'),
  (373,373,'19501030150'),
  (374,374,'19501030150'),
  (375,375,'19501030150'),
  (376,376,'19501030150'),
  (377,377,'19501030150'),
  (378,378,'19501030150'),
  (379,379,'19501030150'),
  (380,380,'19501030150'),
  (381,381,'19501030150'),
  (382,382,'19501030150'),
  (383,383,'19501030150'),
  (384,384,'19501030150'),
  (385,385,'19501030150'),
  (386,386,'19501030150'),
  (387,387,'19501030150'),
  (388,388,'19501030150'),
  (389,389,'19501030150'),
  (390,390,'19501030150'),
  (391,391,'19501030150'),
  (392,392,'19501030150'),
  (393,393,'19501030150'),
  (394,394,'19501030150'),
  (395,395,'19501030160'),
  (396,396,'19501030160'),
  (397,397,'19501030160'),
  (398,398,'19501030160'),
  (399,399,'19501030160'),
  (400,400,'19501030160');
COMMIT;

#
# Data for the `ruta` table  (LIMIT 0,500)
#

INSERT INTO `ruta` (`ID_RUTA`, `ID_ITINERARIO`, `RUTA`) VALUES
  (1,1,'5010010072'),
  (2,2,'5010010250'),
  (3,3,'5010010350'),
  (4,4,'5010010400'),
  (5,5,'5010011000'),
  (6,6,'5010012010'),
  (7,7,'5010013033'),
  (8,8,'5010013601'),
  (9,9,'5010013605'),
  (10,10,'5010014000'),
  (11,11,'5010014010'),
  (12,12,'5010014014'),
  (13,13,'5010015100'),
  (14,14,'5010017500'),
  (15,15,'5010019991'),
  (16,16,'5010020864'),
  (17,17,'5010021502'),
  (18,18,'5010021872'),
  (19,19,'5010023996'),
  (20,20,'5010024086'),
  (21,21,'5010024590'),
  (22,22,'5010024608'),
  (23,23,'5010024626'),
  (24,24,'5010025000'),
  (25,25,'5010030181'),
  (26,26,'5010030300'),
  (27,27,'5010030325'),
  (28,28,'5010030600'),
  (29,29,'5010030650'),
  (30,30,'5010030730'),
  (31,31,'5010030760'),
  (32,32,'5010030800'),
  (33,33,'5010031980'),
  (34,34,'5010032664'),
  (35,35,'5010040300'),
  (36,36,'5010040650'),
  (37,37,'5010050200'),
  (38,38,'5010050500'),
  (39,39,'5010050512'),
  (40,40,'5010050516'),
  (41,41,'5010050700'),
  (42,42,'5010052142'),
  (43,43,'5010053042'),
  (44,44,'5010060550'),
  (45,45,'5010060800'),
  (46,46,'5010060850'),
  (47,47,'5010060900'),
  (48,48,'5010069998'),
  (49,49,'5010069999'),
  (50,50,'5010070609'),
  (51,51,'5010070650'),
  (52,52,'5010070750'),
  (53,53,'5010071000'),
  (54,54,'5010071040'),
  (55,55,'5010071050'),
  (56,56,'5010071065'),
  (57,57,'5010071095'),
  (58,58,'5010071100'),
  (59,59,'5010072000'),
  (60,60,'5010080600'),
  (61,61,'5010080700'),
  (62,62,'5010080750'),
  (63,63,'5010090950'),
  (64,64,'5010091000'),
  (65,65,'5010100100'),
  (66,66,'5010100900'),
  (67,67,'5010101150'),
  (68,68,'5010101150'),
  (69,69,'5010102000'),
  (70,70,'5010103474'),
  (71,71,'5010106066'),
  (72,72,'5010111000'),
  (73,73,'5010111021'),
  (74,74,'5010111070'),
  (75,75,'5010111100'),
  (76,76,'5010111251'),
  (77,77,'5010111254'),
  (78,78,'5010111561'),
  (79,79,'5010111600'),
  (80,80,'5010121010'),
  (81,81,'5010121200'),
  (82,82,'5010121250'),
  (83,83,'5010121300'),
  (84,84,'5010121350'),
  (85,85,'5010122000'),
  (86,86,'5010124572'),
  (87,87,'5010130162'),
  (88,88,'5010131150'),
  (89,89,'5010131160'),
  (90,90,'5010131161'),
  (91,91,'5010131240'),
  (92,92,'5010131250'),
  (93,93,'5010131300'),
  (94,94,'5010131350'),
  (95,95,'5010131400'),
  (96,96,'5010131450'),
  (97,97,'5010131500'),
  (98,98,'5010131520'),
  (99,99,'5010131650'),
  (100,100,'5010132100'),
  (101,101,'5010142305'),
  (102,102,'5010151350'),
  (103,103,'5010151400'),
  (104,104,'5010161550'),
  (105,105,'5010176029'),
  (106,106,'5010176030'),
  (107,107,'5010181278'),
  (108,108,'5010185562'),
  (109,109,'5010194267'),
  (110,110,'5010196462'),
  (111,111,'5010200100'),
  (112,112,'5010200162'),
  (113,113,'5010203079'),
  (114,114,'5010205166'),
  (115,115,'5010234890'),
  (116,116,'5010290018'),
  (117,117,'5010290036'),
  (118,118,'5010290054'),
  (119,119,'5010290072'),
  (120,120,'5010290090'),
  (121,121,'5010290108'),
  (122,122,'5010290127'),
  (123,123,'5010290144'),
  (124,124,'5010290149'),
  (125,125,'5010290151'),
  (126,126,'5010290152'),
  (127,127,'5010290153'),
  (128,128,'5010290162'),
  (129,129,'5010290180'),
  (130,130,'5010290198'),
  (131,131,'5010290200'),
  (132,132,'5010290216'),
  (133,133,'5010290234'),
  (134,134,'5010290252'),
  (135,135,'5010290270'),
  (136,136,'5010290288'),
  (137,137,'5010290306'),
  (138,138,'5010290324'),
  (139,139,'5010290342'),
  (140,140,'5010290360'),
  (141,141,'5010290378'),
  (142,142,'5010290396'),
  (143,143,'5010290398'),
  (144,144,'5010290399'),
  (145,145,'5010290400'),
  (146,146,'5010290414'),
  (147,147,'5010290432'),
  (148,148,'5010290450'),
  (149,149,'5010290468'),
  (150,150,'5010290486'),
  (151,151,'5010290487'),
  (152,152,'5010290488'),
  (153,153,'5010290504'),
  (154,154,'5010290506'),
  (155,155,'5010290507'),
  (156,156,'5010290522'),
  (157,157,'5010290524'),
  (158,158,'5010290541'),
  (159,159,'5010290558'),
  (160,160,'5010290612'),
  (161,161,'5010290648'),
  (162,162,'5010290684'),
  (163,163,'5010290738'),
  (164,164,'5010290756'),
  (165,165,'5010290774'),
  (166,166,'5010290792'),
  (167,167,'5010290810'),
  (168,168,'5010290814'),
  (169,169,'5010290846'),
  (170,170,'5010290864'),
  (171,171,'5010290900'),
  (172,172,'5010290902'),
  (173,173,'5010290932'),
  (174,174,'5010290934'),
  (175,175,'5010290936'),
  (176,176,'5010290956'),
  (177,177,'5010290972'),
  (178,178,'5010291044'),
  (179,179,'5010291116'),
  (180,180,'5010291118'),
  (181,181,'5010291172'),
  (182,182,'5010291224'),
  (183,183,'5010291242'),
  (184,184,'5010291260'),
  (185,185,'5010291314'),
  (186,186,'5010291350'),
  (187,187,'5010291368'),
  (188,188,'5010291390'),
  (189,189,'5010291391'),
  (190,190,'5010291404'),
  (191,191,'5010291476'),
  (192,192,'5010291494'),
  (193,193,'5010291512'),
  (194,194,'5010291530'),
  (195,195,'5010291548'),
  (196,196,'5010291656'),
  (197,197,'5010291674'),
  (198,198,'5010291694'),
  (199,199,'5010291710'),
  (200,200,'5010291746'),
  (201,201,'5010291782'),
  (202,202,'5010291854'),
  (203,203,'5010291908'),
  (204,204,'5010291944'),
  (205,205,'5010291962'),
  (206,206,'5010292000'),
  (207,207,'5010292003'),
  (208,208,'5010292016'),
  (209,209,'5010292034'),
  (210,210,'5010292088'),
  (211,211,'5010292106'),
  (212,212,'5010292124'),
  (213,213,'5010292142'),
  (214,214,'5010292160'),
  (215,215,'5010292196'),
  (216,216,'5010292214'),
  (217,217,'5010292268'),
  (218,218,'5010292304'),
  (219,219,'5010292376'),
  (220,220,'5010292378'),
  (221,221,'5010292394'),
  (222,222,'5010292412'),
  (223,223,'5010292418'),
  (224,224,'5010292448'),
  (225,225,'5010292466'),
  (226,226,'5010292484'),
  (227,227,'5010292502'),
  (228,228,'5010292520'),
  (229,229,'5010292538'),
  (230,230,'5010292556'),
  (231,231,'5010292574'),
  (232,232,'5010292592'),
  (233,233,'5010292610'),
  (234,234,'5010292628'),
  (235,235,'5010292646'),
  (236,236,'5010292664'),
  (237,237,'5010292682'),
  (238,238,'5010292700'),
  (239,239,'5010292736'),
  (240,240,'5010292754'),
  (241,241,'5010292790'),
  (242,242,'5010292791'),
  (243,243,'5010292808'),
  (244,244,'5010292826'),
  (245,245,'5010292844'),
  (246,246,'5010292862'),
  (247,247,'5010292880'),
  (248,248,'5010292881'),
  (249,249,'5010292882'),
  (250,250,'5010292883'),
  (251,251,'5010292884'),
  (252,252,'5010292897'),
  (253,253,'5010292934'),
  (254,254,'5010293078'),
  (255,255,'5010293096'),
  (256,256,'5010293294'),
  (257,257,'5010293330'),
  (258,258,'5010293420'),
  (259,259,'5010293456'),
  (260,260,'5010293492'),
  (261,261,'5010293493'),
  (262,262,'5010293582'),
  (263,263,'5010293654'),
  (264,264,'5010293672'),
  (265,265,'5010293726'),
  (266,266,'5010293748'),
  (267,267,'5010293749'),
  (268,268,'5010293762'),
  (269,269,'5010293780'),
  (270,270,'5010293784'),
  (271,271,'5010293921'),
  (272,272,'5010293960'),
  (273,273,'5010293962'),
  (274,274,'5010293966'),
  (275,275,'5010293978'),
  (276,276,'5010294014'),
  (277,277,'5010294032'),
  (278,278,'5010294050'),
  (279,279,'5010294122'),
  (280,280,'5010294140'),
  (281,281,'5010294158'),
  (282,282,'5010294180'),
  (283,283,'5010294266'),
  (284,284,'5010294302'),
  (285,285,'5010294305'),
  (286,286,'5010294320'),
  (287,287,'5010296504'),
  (288,288,'5010300002'),
  (289,289,'5010300036'),
  (290,290,'5010300054'),
  (291,291,'5010300072'),
  (292,292,'5010300078'),
  (293,293,'5010300079'),
  (294,294,'5010300090'),
  (295,295,'5010300126'),
  (296,296,'5010300144'),
  (297,297,'5010300180'),
  (298,298,'5010300198'),
  (299,299,'5010300270'),
  (300,300,'5010300283'),
  (301,301,'5010300288'),
  (302,302,'5010300290'),
  (303,303,'5010300306'),
  (304,304,'5010300324'),
  (305,305,'5010300376'),
  (306,306,'5010300378'),
  (307,307,'5010300396'),
  (308,308,'5010300400'),
  (309,309,'5010300414'),
  (310,310,'5010300468'),
  (311,311,'5010300490'),
  (312,312,'5010300522'),
  (313,313,'5010300576'),
  (314,314,'5010300586'),
  (315,315,'5010300630'),
  (316,316,'5010300648'),
  (317,317,'5010300720'),
  (318,318,'5010300725'),
  (319,319,'5010300810'),
  (320,320,'5010300828'),
  (321,321,'5010300864'),
  (322,322,'5010300900'),
  (323,323,'5010300936'),
  (324,324,'5010300972'),
  (325,325,'5010301044'),
  (326,326,'5010301062'),
  (327,327,'5010301080'),
  (328,328,'5010301170'),
  (329,329,'5010301206'),
  (330,330,'5010301208'),
  (331,331,'5010301260'),
  (332,332,'5010301278'),
  (333,333,'5010301279'),
  (334,334,'5010301296'),
  (335,335,'5010301314'),
  (336,336,'5010301333'),
  (337,337,'5010301368'),
  (338,338,'5010301472'),
  (339,339,'5010301548'),
  (340,340,'5010301566'),
  (341,341,'5010301584'),
  (342,342,'5010301585'),
  (343,343,'5010301620'),
  (344,344,'5010301625'),
  (345,345,'5010301626'),
  (346,346,'5010301638'),
  (347,347,'5010301674'),
  (348,348,'5010301692'),
  (349,349,'5010301710'),
  (350,350,'5010301712'),
  (351,351,'5010301714'),
  (352,352,'5010301728'),
  (353,353,'5010301782'),
  (354,354,'5010301800'),
  (355,355,'5010301836'),
  (356,356,'5010301872'),
  (357,357,'5010301890'),
  (358,358,'5010301944'),
  (359,359,'5010302034'),
  (360,360,'5010302052'),
  (361,361,'5010302124'),
  (362,362,'5010302268'),
  (363,363,'5010302286'),
  (364,364,'5010302304'),
  (365,365,'5010302358'),
  (366,366,'5010302392'),
  (367,367,'5010302394'),
  (368,368,'5010302398'),
  (369,369,'5010302466'),
  (370,370,'5010302484'),
  (371,371,'5010302502'),
  (372,372,'5010302556'),
  (373,373,'5010302574'),
  (374,374,'5010302608'),
  (375,375,'5010302610'),
  (376,376,'5010302646'),
  (377,377,'5010302700'),
  (378,378,'5010302752'),
  (379,379,'5010302775'),
  (380,380,'5010302826'),
  (381,381,'5010302862'),
  (382,382,'5010302936'),
  (383,383,'5010302952'),
  (384,384,'5010303024'),
  (385,385,'5010303060'),
  (386,386,'5010303150'),
  (387,387,'5010303204'),
  (388,388,'5010303240'),
  (389,389,'5010303256'),
  (390,390,'5010303258'),
  (391,391,'5010303276'),
  (392,392,'5010303420'),
  (393,393,'5010303458'),
  (394,394,'5010303490'),
  (395,395,'5010310018'),
  (396,396,'5010310039'),
  (397,397,'5010310108'),
  (398,398,'5010310144'),
  (399,399,'5010310162'),
  (400,400,'5010310252'),
  (401,0,'RUTA');
COMMIT;



/*!40101 SET CHARACTER_SET_CLIENT=@OLD_CHARACTER_SET_CLIENT */;
/*!40101 SET CHARACTER_SET_RESULTS=@OLD_CHARACTER_SET_RESULTS */;
/*!40101 SET COLLATION_CONNECTION=@OLD_COLLATION_CONNECTION */;